category,commodity,unit,price,day_change,pct_change,weekly,monthly,ytd,yoy,measure,date_raw,date_full,year,month,day,scrape_date,price_usd,id,date,currency
Energy,Crude Oil,USD/Bbl,57.53,0.07,-0.12,-4.24,-1.98,-19.79,-19.3,Bbl,,12/12/2025,2025.0,12.0,12.0,2025-12-14,57.53,,,
Index,EU Carbon Permits,EUR,83.79,0.11,-0.13,2.21,3.01,14.78,30.05,,,12/12/2025,2025.0,12.0,12.0,2025-12-14,,,,
Livestock,Eggs CH,CNY/T,3084.0,67.0,-2.13,-1.38,1.41,-12.41,-30.73,,,12/12/2025,2025.0,12.0,12.0,2025-12-14,,,,
Industrial,Polyethylene,CNY/T,6506.0,73.0,-1.11,-3.05,-3.96,-23.67,-25.24,,,12/12/2025,2025.0,12.0,12.0,2025-12-14,,,,
Industrial,Synthetic Rubber,CNY/T,11100.0,0.0,0.0,0.0,1.99,-25.55,-25.71,,,12/12/2025,2025.0,12.0,12.0,2025-12-14,,,,
Industrial,Phosphorus,CNY/T,1025.0,0.0,0.0,0.0,0.0,-4.63,-4.63,,,12/12/2025,2025.0,12.0,12.0,2025-12-14,,,,
Industrial,Polyvinyl,CNY/T,4247.0,65.0,-1.51,-4.63,-6.39,-13.78,-14.87,,,12/12/2025,2025.0,12.0,12.0,2025-12-14,,,,
Industrial,Tellurium,CNY/Kg,760.0,0.0,0.0,0.0,6.29,17.83,16.03,,,12/12/2025,2025.0,12.0,12.0,2025-12-14,,,,
Index,Containerized Freight Index,Points,1506.46,108.83,7.79,7.79,0.76,-38.77,-36.82,,,12/12/2025,2025.0,12.0,12.0,2025-12-14,,,,
Livestock,Eggs US,USD/Dozen,1.45,0.32,-17.93,-24.13,-28.7,-75.01,-62.08,,,12/12/2025,2025.0,12.0,12.0,2025-12-14,1.45,,,
Index,CRB Index,Index Points,373.19,3.08,-0.82,-2.44,-1.04,4.59,5.8,,,12/12/2025,2025.0,12.0,12.0,2025-12-14,,,,
Livestock,Poultry,BRL/Kgs,8.12,0.03,-0.37,-0.49,1.0,-2.17,-2.17,,,12/12/2025,2025.0,12.0,12.0,2025-12-14,,,,
Industrial,Manganese,CNY/mtu,30.25,0.0,0.0,1.34,1.34,5.22,3.42,,,12/12/2025,2025.0,12.0,12.0,2025-12-14,,,,
Index,Nuclear Energy Index,USD,46.19,2.81,-5.73,-4.29,2.3,72.54,57.06,,,12/12/2025,2025.0,12.0,12.0,2025-12-14,46.19,,,
Industrial,Palladium,USD/t.oz,1513.0,14.5,0.97,2.82,4.74,70.19,60.02,,,12/12/2025,2025.0,12.0,12.0,2025-12-14,1513.0,,,
Industrial,Polyethylene,CNY/T,6506.0,73.0,-1.11,-3.05,-3.96,-23.67,-25.24,T,12-Dec,12/12/2025 0:00,2025.0,12.0,12.0,2025-12-14,,,,
Index,SSE Commodity Index,Index Points,8104.74,26.06,0.32,-0.05,-6.46,2.89,-1.86,,,12/12/2025,2025.0,12.0,12.0,2025-12-14,,,,
Index,GSCI,Index Points,545.51,4.77,-0.87,-3.4,-2.17,-0.75,-0.14,,,12/12/2025,2025.0,12.0,12.0,2025-12-14,,,,
Industrial,Tellurium,CNY/Kg,760.0,0.0,0.0,0.0,6.29,17.83,16.03,Kg,12-Dec,12/12/2025 0:00,2025.0,12.0,12.0,2025-12-14,,,,
Livestock,Salmon,NOK/KG,83.17,5.93,7.68,7.68,6.41,-11.36,4.84,,,12/5/2025,2025.0,12.0,12.0,2025-12-14,,,,
Industrial,Sulfur,CNY/T,4254.33,6.67,-0.16,5.28,17.71,150.6,145.77,,,12/12/2025,2025.0,12.0,12.0,2025-12-14,,,,
Industrial,Magnesium,CNY/T,16550.0,50.0,-0.3,-2.07,-3.5,-2.65,-3.22,,,12/12/2025,2025.0,12.0,12.0,2025-12-14,,,,
Industrial,Tin,USD/T,41751.0,1747.0,4.37,3.4,11.64,43.56,41.37,,,12/11/2025,2025.0,12.0,12.0,2025-12-14,41751.0,,,
Livestock,Feeder Cattle,USd/Lbs,339.3734,4.0266,-1.17,0.1,0.7,28.91,31.61,,,12/12/2025,2025.0,12.0,12.0,2025-12-14,,,,
Industrial,Kraft Pulp,CNY/T,4790.0,28.0,-0.58,0.42,-2.28,-18.32,-16.72,,,12/12/2025,2025.0,12.0,12.0,2025-12-14,,,,
Electricity,Spain,EUR/MWh,97.19,1.0,1.04,37.64,204.67,-28.46,-32.38,MWh,12-Dec,12/12/2025 0:00,2025.0,12.0,12.0,2025-12-14,,,,
Agricultural,Corn,USd/BU,440.5,6.0,-1.34,0.86,-0.23,-3.93,-0.34,,,12/12/2025,2025.0,12.0,12.0,2025-12-14,,,,
Metals,HRC Steel,USD/T,907.0,0.0,0.0,-0.11,6.08,27.93,34.37,,,12/12/2025,2025.0,12.0,12.0,2025-12-14,907.0,,,
Agricultural,Potatoes,EUR/100KG,6.5,0.0,0.0,0.0,-13.33,-77.74,-77.43,,,12/12/2025,2025.0,12.0,12.0,2025-12-14,,,,
Agricultural,Butter,EUR/T,4163.0,13.0,0.31,3.43,-18.71,-42.98,-40.74,,,12/12/2025,2025.0,12.0,12.0,2025-12-14,,,,
Energy,Ethanol,USD/Gal,1.595,0.0175,1.11,1.59,-8.99,-5.62,1.59,,,12/11/2025,2025.0,12.0,12.0,2025-12-14,1.595,,,
Electricity,Italy,EUR/MWh,115.39,1.54,-1.31,-12.04,-7.25,-16.24,-33.63,MWh,12-Dec,12/12/2025 0:00,2025.0,12.0,12.0,2025-12-14,,,,
Index,Wind Energy Index,USD,20.41,0.05,-0.24,1.64,1.85,37.91,33.22,,,12/12/2025,2025.0,12.0,12.0,2025-12-14,20.41,,,
Livestock,Lean Hogs,USd/Lbs,84.525,0.35,0.42,3.52,8.26,3.97,-1.26,,,12/12/2025,2025.0,12.0,12.0,2025-12-14,,,,
Industrial,Gallium,CNY/Kg,1650.0,0.0,0.0,0.0,-0.9,-20.48,-25.84,,,12/12/2025,2025.0,12.0,12.0,2025-12-14,,,,
Livestock,Beef,BRL/15KG,320.8,0.1,-0.03,-0.4,-0.51,1.07,2.23,,,12/12/2025,2025.0,12.0,12.0,2025-12-14,,,,
Electricity,Germany,EUR/MWh,96.97,0.0,0.0,10.61,-1.01,-16.21,-6.42,,,12/12/2025,2025.0,12.0,12.0,2025-12-14,,,,
Industrial,Bitumen,CNY/T,2963.0,59.0,2.03,0.3,-1.46,-19.68,-14.93,,,12/12/2025,2025.0,12.0,12.0,2025-12-14,,,,
Industrial,Nickel,USD/T,14620.0,10.0,0.07,-2.34,-2.27,-4.44,-7.91,T,12-Dec,12/12/2025 0:00,2025.0,12.0,12.0,2025-12-14,14620.0,,,
Industrial,Germanium,CNY/Kg,13750.0,50.0,-0.36,-0.36,-1.43,-21.65,-22.54,,,12/12/2025,2025.0,12.0,12.0,2025-12-14,,,,
Industrial,Soda Ash,CNY/T,1258.0,0.0,0.0,0.0,3.62,-17.67,-18.21,,,12/12/2025,2025.0,12.0,12.0,2025-12-14,,,,
Industrial,Aluminum,USD/T,2877.0,26.85,-0.92,-1.11,-0.07,12.76,10.02,,,12/12/2025,2025.0,12.0,12.0,2025-12-14,2877.0,,,
Industrial,Neodymium,CNY/T,722500.0,0.0,0.0,0.0,3.96,45.37,41.67,,,12/12/2025,2025.0,12.0,12.0,2025-12-14,,,,
Livestock,Live Cattle,USd/Lbs,230.05,0.325,-0.14,1.28,5.05,20.08,18.81,,,12/12/2025,2025.0,12.0,12.0,2025-12-14,,,,
Industrial,Cobalt,USD/T,52790.0,570.0,1.09,5.51,8.69,117.24,117.24,,,12/11/2025,2025.0,12.0,11.0,2025-12-14,52790.0,,,
Agricultural,Oat,USd/Bu,286.2619,4.9881,-1.71,-7.21,-8.18,-13.39,-22.37,,,12/12/2025,2025.0,12.0,12.0,2025-12-14,,,,
Energy,Gasoline,USD/Gal,1.754,0.0136,-0.77,-4.34,-10.82,-12.84,-12.07,,,12/12/2025,2025.0,12.0,12.0,2025-12-14,1.754,,,
Energy,Brent,USD/Bbl,61.12,0.16,-0.26,-4.13,-3.0,-18.11,-17.95,Bbl,12-Dec,12/12/2025 0:00,2025.0,12.0,12.0,2025-12-14,61.12,,,
Metals,Platinum,USD/t.oz,1756.8,50.8,2.98,6.6,11.23,96.51,90.42,,,12/12/2025,2025.0,12.0,12.0,2025-12-14,1756.8,,,
Industrial,Lead,USD/T,1969.53,15.95,-0.8,-1.79,-5.17,0.9,-2.26,T,12-Dec,12/12/2025 0:00,2025.0,12.0,12.0,2025-12-14,1969.53,,,
Metals,Iron Ore,USD/T,106.05,0.16,-0.15,-1.11,1.92,2.36,0.7,,,12/12/2025,2025.0,12.0,12.0,2025-12-14,106.05,,,
Agricultural,Cocoa,USD/T,6226.0,9.0,-0.14,10.33,13.47,-45.88,-44.74,,,12/12/2025,2025.0,12.0,12.0,2025-12-14,6226.0,,,
Industrial,Cobalt,USD/T,52790.0,570.0,1.09,5.51,8.69,117.24,117.24,T,11-Dec,12/11/2025 0:00,2025.0,12.0,11.0,2025-12-14,52790.0,,,
Metals,Silicon,CNY/T,8435.0,150.0,1.81,-4.2,-7.86,-25.35,-29.47,,,12/12/2025,2025.0,12.0,12.0,2025-12-14,,,,
Agricultural,Wool,AUD/100Kg,1542.0,0.0,0.0,1.38,5.76,33.62,35.26,,,12/12/2025,2025.0,12.0,12.0,2025-12-14,,,,
Agricultural,Sugar,USd/Lbs,15.1,0.25,1.68,2.03,4.57,-21.72,-27.16,,,12/12/2025,2025.0,12.0,12.0,2025-12-14,,,,
Industrial,Aluminum,USD/T,2877.0,26.85,-0.92,-1.11,-0.07,12.76,10.02,T,12-Dec,12/12/2025 0:00,2025.0,12.0,12.0,2025-12-14,2877.0,,,
Industrial,Gallium,CNY/Kg,1650.0,0.0,0.0,0.0,-0.9,-20.48,-25.84,Kg,12-Dec,12/12/2025 0:00,2025.0,12.0,12.0,2025-12-14,,,,
Industrial,Synthetic Rubber,CNY/T,11100.0,0.0,0.0,0.0,1.99,-25.55,-25.71,T,12-Dec,12/12/2025 0:00,2025.0,12.0,12.0,2025-12-14,,,,
Agricultural,Rapeseed,EUR/T,475.75,3.0,-0.63,-0.16,-1.4,-6.72,-13.03,,,12/12/2025,,,,2025-12-14,,,,
Industrial,Neodymium,CNY/T,722500.0,0.0,0.0,0.0,3.96,45.37,41.67,T,12-Dec,12/12/2025 0:00,2025.0,12.0,12.0,2025-12-14,,,,
Agricultural,Barley,INR/T,2303.0,12.5,0.55,0.77,0.0,-5.01,-4.18,,,12/12/2025,2025.0,12.0,12.0,2025-12-14,,,,
Energy,Coking Coal,USD/T,207.0,0.25,-0.12,-0.72,3.76,2.48,-0.36,,,12/12/2025,2025.0,12.0,12.0,2025-12-14,207.0,,,
Industrial,Soda Ash,CNY/T,1258.0,0.0,0.0,0.0,3.62,-17.67,-18.21,T,12-Dec,12/12/2025 0:00,2025.0,12.0,12.0,2025-12-14,,,,
Agricultural,Tea,INR/Kgs,189.41,0.05,-0.03,-0.03,-4.57,11.37,3.09,,,12/6/2025,2025.0,12.0,6.0,2025-12-14,,,,
Industrial,Phosphorus,CNY/T,1025.0,0.0,0.0,0.0,0.0,-4.63,-4.63,T,12-Dec,12/12/2025 0:00,2025.0,12.0,12.0,2025-12-14,,,,
Energy,Propane,USD/Gal,0.68,0.01,-1.28,-4.9,5.41,-12.46,-12.77,,,12/12/2025,2025.0,12.0,12.0,2025-12-14,0.68,,,
Industrial,Polyvinyl,CNY/T,4247.0,65.0,-1.51,-4.63,-6.39,-13.78,-14.87,T,12-Dec,12/12/2025 0:00,2025.0,12.0,12.0,2025-12-14,,,,
Agricultural,Canola,CAD/T,606.5,14.8,-2.38,-1.85,-6.82,-0.36,-0.92,,,12/12/2025,2025.0,12.0,12.0,2025-12-14,,,,
Agricultural,Sunflower Oil,INR/10 kg,1432.3,1.3,-0.09,0.04,2.07,12.92,11.77,,,12/12/2025,2025.0,12.0,12.0,2025-12-14,,,,
Metals,Titanium,CNY/KG,46.0,0.0,0.0,1.1,0.0,3.37,5.75,,,12/12/2025,2025.0,12.0,12.0,2025-12-14,,,,
Metals,Scrap Steel,USD/T,366.0,0.5,-0.14,-0.27,3.1,,1.81,,,12/11/2025,2025.0,12.0,12.0,2025-12-14,366.0,,,
Electricity,Spain,EUR/MWh,97.19,1.0,1.04,37.64,204.67,-28.46,-32.38,,,12/12/2025,2025.0,12.0,12.0,2025-12-14,,,,
Agricultural,Coffee,USd/Lbs,395.1,10.35,-2.55,-2.74,-1.64,23.28,24.61,,,12/12/2025,2025.0,12.0,12.0,2025-12-14,,,,
Energy,Methanol,CNY/T,2067.0,7.0,-0.34,-0.48,0.73,-25.3,-20.47,,,12/12/2025,2025.0,12.0,12.0,2025-12-14,,,,
Energy,Uranium,USD/Lbs,77.9,0.35,0.45,1.76,0.19,6.71,1.7,,,12/12/2025,2025.0,12.0,12.0,2025-12-14,77.9,,,
Industrial,Di-ammonium,USD/T,622.5,2.5,-0.4,1.47,-14.73,7.79,9.6,,,12/12/2025,2025.0,12.0,12.0,2025-12-14,622.5,,,
Industrial,Zinc,USD/T,3130.6,80.5,-2.51,1.08,2.68,5.11,1.38,T,12-Dec,12/12/2025 0:00,2025.0,12.0,12.0,2025-12-14,3130.6,,,
Industrial,Tin,USD/T,41751.0,1747.0,4.37,3.4,11.64,43.56,41.37,T,11-Dec,12/11/2025 0:00,2025.0,12.0,11.0,2025-12-14,41751.0,,,
Industrial,Molybdenum,CNY/Kg,455.5,0.0,0.0,0.0,-2.15,-2.88,-3.09,Kg,12-Dec,12/12/2025 0:00,2025.0,12.0,12.0,2025-12-14,,,,
Industrial,Palladium,USD/t.oz,1513.0,14.5,0.97,2.82,4.74,70.19,60.02,t.oz,12-Dec,12/12/2025 0:00,2025.0,12.0,12.0,2025-12-14,1513.0,,,
Industrial,Rhodium,USD/t oz.,7975.0,0.0,0.0,0.31,-1.54,74.32,74.32,t oz.,12-Dec,12/12/2025 0:00,2025.0,12.0,12.0,2025-12-14,7975.0,,,
Energy,Brent,USD/Bbl,61.12,0.16,-0.26,-4.13,-3.0,-18.11,-17.95,,,12/12/2025,2025.0,12.0,12.0,2025-12-14,61.12,,,
Industrial,Magnesium,CNY/T,16550.0,50.0,-0.3,-2.07,-3.5,-2.65,-3.22,T,12-Dec,12/12/2025 0:00,2025.0,12.0,12.0,2025-12-14,,,,
Industrial,Urea,USD/T,364.0,6.5,1.82,2.68,-4.84,7.85,12.87,,,12/12/2025,2025.0,12.0,12.0,2025-12-14,364.0,,,
Industrial,Sulfur,CNY/T,4254.33,6.67,-0.16,5.28,17.71,150.6,145.77,T,12-Dec,12/12/2025 0:00,2025.0,12.0,12.0,2025-12-14,,,,
Industrial,Polypropylene,CNY/T,6148.0,54.0,-0.87,-2.58,-4.04,-16.67,-17.59,T,12-Dec,12/12/2025 0:00,2025.0,12.0,12.0,2025-12-14,,,,
Electricity,Italy,EUR/MWh,115.39,1.54,-1.31,-12.04,-7.25,-16.24,-33.63,,,12/12/2025,2025.0,12.0,12.0,2025-12-14,,,,
Industrial,Rhodium,USD/t oz.,7950.0,25.0,-0.31,0.0,-1.85,73.77,73.77,,,12/12/2025,2025.0,12.0,12.0,2025-12-14,7950.0,,,
Industrial,Polypropylene,CNY/T,6148.0,54.0,-0.87,-2.58,-4.04,-16.67,-17.59,,,12/12/2025,2025.0,12.0,12.0,2025-12-14,,,,
Industrial,Zinc,USD/T,3130.6,80.5,-2.51,1.08,2.68,5.11,1.38,,,12/12/2025,2025.0,12.0,12.0,2025-12-14,3130.6,,,
Metals,Steel,CNY/T,3045.0,1.0,-0.03,-1.42,-0.1,-8.01,-7.36,,,12/12/2025,2025.0,12.0,12.0,2025-12-14,,,,
Metals,Copper,USD/Lbs,5.2809,0.1325,-2.45,-1.75,4.66,32.69,27.38,,,12/12/2025,2025.0,12.0,12.0,2025-12-14,5.2809,,,
Agricultural,Wheat,USd/Bu,530.25,3.25,-0.61,-1.35,-1.03,-3.85,-3.98,,,12/12/2025,2025.0,12.0,12.0,2025-12-14,,,,
Energy,Natural gas,USD/MMBtu,4.113,0.118,-2.79,-22.23,-11.47,13.21,25.4,,,12/12/2025,2025.0,12.0,12.0,2025-12-14,4.113,,,
Electricity,France,EUR/MWh,49.72,1.02,2.09,3.5,-5.21,-28.82,-28.77,,,12/12/2025,2025.0,12.0,12.0,2025-12-14,,,,
Energy,Urals Oil,USD/Bbl,51.94,0.4,-0.76,-4.8,-2.04,-24.19,-22.4,,,12/11/2025,2025.0,12.0,12.0,2025-12-14,51.94,,,
Energy,TTF Gas,EUR/MWh,27.55,0.75,2.78,1.04,-9.55,-45.4,-33.04,,,12/12/2025,2025.0,12.0,12.0,2025-12-14,,,,
Energy,German Gas,EUR/MWh,29.27,0.86,3.01,0.67,-8.81,-41.3,-30.45,,,12/12/2025,2025.0,12.0,12.0,2025-12-14,,,,
Agricultural,Milk,USD/CWT,15.89,0.02,0.13,-0.81,-7.62,-15.07,-15.3,,,12/12/2025,2025.0,12.0,12.0,2025-12-14,15.89,,,
Agricultural,Cheese,USD/Lbs,1.526,0.002,0.13,-0.59,-12.65,-19.73,-17.69,,,12/12/2025,2025.0,12.0,12.0,2025-12-14,1.526,,,
Industrial,Manganese,CNY/mtu,30.25,0.0,0.0,1.34,1.34,5.22,3.42,mtu,12-Dec,12/12/2025 0:00,2025.0,12.0,12.0,2025-12-14,,,,
Agricultural,Rice,USD/cwt,9.81,0.015,-0.15,-1.75,-5.54,-30.05,-34.51,,,12/12/2025,2025.0,12.0,12.0,2025-12-14,9.81,,,
Metals,Silver,USD/t.oz,62.006,1.534,-2.41,6.39,18.56,114.71,103.53,,,12/12/2025,2025.0,12.0,12.0,2025-12-14,62.006,,,
Industrial,Germanium,CNY/Kg,13750.0,50.0,-0.36,-0.36,-1.43,-21.65,-22.54,Kg,12-Dec,12/12/2025 0:00,2025.0,12.0,12.0,2025-12-14,,,,
Agricultural,Soybeans,USd/Bu,1076.75,16.75,-1.53,-2.58,-6.12,7.86,8.96,,,12/12/2025,2025.0,12.0,12.0,2025-12-14,,,,
Energy,Heating Oil,USD/Gal,2.2018,0.0271,-1.22,-6.82,-10.67,-4.98,-2.83,,,12/12/2025,2025.0,12.0,12.0,2025-12-14,2.2018,,,
Agricultural,Rubber,USD Cents / Kg,172.2,0.2,-0.12,1.06,0.29,-12.77,-13.34,,,12/12/2025,2025.0,12.0,12.0,2025-12-14,,,,
Agricultural,Palm Oil,MYR/T,4018.0,46.0,-1.13,-3.23,-2.62,-9.59,-18.07,,,12/12/2025,2025.0,12.0,12.0,2025-12-14,,,,
Energy,Crude Oil,USD/Bbl,57.44,0.16,-0.28,-4.39,-2.13,-19.91,-19.43,Bbl,12-Dec,12/12/2025 0:00,2025.0,12.0,12.0,2025-12-14,57.44,,,
Metals,Lithium,CNY/T,94500.0,1000.0,1.07,1.34,12.03,25.92,23.69,,,12/12/2025,2025.0,12.0,12.0,2025-12-14,,,,
Metals,Iron Ore CNY,CNY/T,760.5,3.5,0.46,-0.33,-2.06,-2.37,-4.58,,,12/12/2025,2025.0,12.0,12.0,2025-12-14,,,,
Agricultural,Orange Juice,USd/Lbs,163.15,10.0,6.53,11.98,-1.54,-67.21,-68.19,,,12/12/2025,2025.0,12.0,12.0,2025-12-14,,,,
Energy,Natural gas,USD/MMBtu,4.113,0.118,-2.79,-22.23,-11.47,13.21,25.4,MMBtu,12-Dec,12/12/2025 0:00,2025.0,12.0,12.0,2025-12-14,4.113,,,
Energy,Heating Oil,USD/Gal,2.2018,0.0271,-1.22,-6.82,-10.67,-4.98,-2.83,Gal,12-Dec,12/12/2025 0:00,2025.0,12.0,12.0,2025-12-14,2.2018,,,
Energy,Coal,USD/T,108.75,0.65,-0.59,0.23,-0.68,-13.17,-18.23,T,11-Dec,12/11/2025 0:00,2025.0,12.0,11.0,2025-12-14,108.75,,,
Energy,TTF Gas,EUR/MWh,27.55,0.75,2.78,1.04,-9.55,-45.4,-33.04,MWh,12-Dec,12/12/2025 0:00,2025.0,12.0,12.0,2025-12-14,,,,
Energy,UK Gas,GBp/thm,72.92,2.46,3.49,2.78,-8.88,-41.84,-28.95,thm,12-Dec,12/12/2025 0:00,2025.0,12.0,12.0,2025-12-14,,,,
Metals,Scrap Steel,USD/T,366.0,0.5,-0.14,-0.27,3.1,,1.81,T,11-Dec,12/11/2025 0:00,2025.0,12.0,11.0,2025-12-14,366.0,,,
Energy,Ethanol,USD/Gal,1.595,0.0175,1.11,1.59,-8.99,-5.62,1.59,Gal,11-Dec,12/11/2025 0:00,2025.0,12.0,11.0,2025-12-14,1.595,,,
Metals,HRC Steel,USD/T,907.0,0.0,0.0,-0.11,6.08,27.93,34.37,T,12-Dec,12/12/2025 0:00,2025.0,12.0,12.0,2025-12-14,907.0,,,
Agricultural,Sugar,USd/Lbs,15.1,0.25,1.68,2.03,4.57,-21.72,-27.16,Lbs,12-Dec,12/12/2025 0:00,2025.0,12.0,12.0,2025-12-14,,,,
Energy,Gasoline,USD/Gal,1.754,0.0136,-0.77,-4.34,-10.82,-12.84,-12.07,Gal,12-Dec,12/12/2025 0:00,2025.0,12.0,12.0,2025-12-14,1.754,,,
Electricity,United Kingdom,GBP/MWh,82.0,1.4,1.74,4.01,1.38,-19.96,-8.64,,,12/12/2025,2025.0,12.0,12.0,2025-12-14,,,,
Metals,Gold,USD/t.oz,4298.0,17.97,0.42,2.36,3.05,63.77,62.35,,,12/12/2025,2025.0,12.0,12.0,2025-12-14,4298.0,,,
Agricultural,Lumber,USD/1000 board feet,556.53,0.03,0.01,3.16,-3.21,1.18,3.06,,,12/12/2025,2025.0,12.0,12.0,2025-12-14,556.53,,,
Metals,Titanium,CNY/KG,46.0,0.0,0.0,1.1,0.0,3.37,5.75,KG,12-Dec,12/12/2025 0:00,2025.0,12.0,12.0,2025-12-14,,,,
Agricultural,Wheat,USd/Bu,530.25,3.25,-0.61,-1.35,-1.03,-3.85,-3.98,Bu,12-Dec,12/12/2025 0:00,2025.0,12.0,12.0,2025-12-14,,,,
Agricultural,Cocoa,USD/T,6226.0,9.0,-0.14,10.33,13.47,-45.88,-44.74,T,12-Dec,12/12/2025 0:00,2025.0,12.0,12.0,2025-12-14,6226.0,,,
Industrial,Lead,USD/T,1969.53,15.95,-0.8,-1.79,-5.17,0.9,-2.26,,,12/12/2025,2025.0,12.0,12.0,2025-12-14,1969.53,,,
Livestock,Live Cattle,USd/Lbs,230.05,0.325,-0.14,1.28,5.05,20.08,18.81,Lbs,12-Dec,12/12/2025 0:00,2025.0,12.0,12.0,2025-12-14,,,,
Energy,Coal,USD/T,108.75,0.65,-0.59,0.23,-0.68,-13.17,-18.23,,,12/11/2025,2025.0,11.0,12.0,2025-12-14,108.75,,,
Metals,Silicon,CNY/T,8435.0,150.0,1.81,-4.2,-7.86,-25.35,-29.47,T,12-Dec,12/12/2025 0:00,2025.0,12.0,12.0,2025-12-14,,,,
Agricultural,Rapeseed,EUR/T,475.75,3.0,-0.63,-0.16,-1.4,-6.72,-13.03,T,12-Dec,12/12/2025 0:00,2025.0,12.0,12.0,2025-12-14,,,,
Agricultural,Rice,USD/cwt,9.81,0.015,-0.15,-1.75,-5.54,-30.05,-34.51,cwt,12-Dec,12/12/2025 0:00,2025.0,12.0,12.0,2025-12-14,9.81,,,
Agricultural,Oat,USd/Bu,286.2619,4.9881,-1.71,-7.21,-8.18,-13.39,-22.37,Bu,12-Dec,12/12/2025 0:00,2025.0,12.0,12.0,2025-12-14,,,,
Metals,Silver,USD/t.oz,62.006,1.534,-2.41,6.39,18.56,114.71,103.53,t.oz,12-Dec,12/12/2025 0:00,2025.0,12.0,12.0,2025-12-14,62.006,,,
Livestock,Eggs US,USD/Dozen,1.45,0.32,-17.93,-24.13,-28.7,-75.01,-62.08,Dozen,12-Dec,12/12/2025 0:00,2025.0,12.0,12.0,2025-12-14,1.45,,,
Livestock,Eggs CH,CNY/T,3084.0,67.0,-2.13,-1.38,1.41,-12.41,-30.73,T,12-Dec,12/12/2025 0:00,2025.0,12.0,12.0,2025-12-14,,,,
Index,SSE Commodity Index,Index Points,8104.74,26.06,0.32,-0.05,-6.46,2.89,-1.86,,12-Dec,12/12/2025 0:00,2025.0,12.0,12.0,2025-12-14,,,,
Industrial,Bitumen,CNY/T,2963.0,59.0,2.03,0.3,-1.46,-19.68,-14.93,T,12-Dec,12/12/2025 0:00,2025.0,12.0,12.0,2025-12-14,,,,
Index,Solar Energy Index,USD,47.79,2.05,-4.11,0.97,-1.3,41.85,36.58,,,12/12/2025,2025.0,12.0,12.0,2025-12-14,47.79,,,
Industrial,Molybdenum,CNY/Kg,455.5,0.0,0.0,0.0,-2.15,-2.88,-3.09,,,12/12/2025,2025.0,12.0,12.0,2025-12-14,,,,
Industrial,Nickel,USD/T,14620.0,10.0,0.07,-2.34,-2.27,-4.44,-7.91,,,12/12/2025,2025.0,12.0,12.0,2025-12-14,14620.0,,,
Index,Solar Energy Index,USD,47.79,2.05,-4.11,0.97,-1.3,41.85,36.58,,12-Dec,12/12/2025 0:00,2025.0,12.0,12.0,2025-12-14,47.79,,,
Agricultural,Milk,USD/CWT,15.89,0.02,0.13,-0.81,-7.62,-15.07,-15.3,CWT,12-Dec,12/12/2025 0:00,2025.0,12.0,12.0,2025-12-14,15.89,,,
Agricultural,Cheese,USD/Lbs,1.526,0.002,0.13,-0.59,-12.65,-19.73,-17.69,Lbs,12-Dec,12/12/2025 0:00,2025.0,12.0,12.0,2025-12-14,1.526,,,
Agricultural,Rubber,USD Cents / Kg,172.2,0.2,-0.12,1.06,0.29,-12.77,-13.34,Kg,12-Dec,12/12/2025 0:00,2025.0,12.0,12.0,2025-12-14,,,,
Agricultural,Orange Juice,USd/Lbs,163.15,10.0,6.53,11.98,-1.54,-67.21,-68.19,Lbs,12-Dec,12/12/2025 0:00,2025.0,12.0,12.0,2025-12-14,,,,
Agricultural,Coffee,USd/Lbs,395.1,10.35,-2.55,-2.74,-1.64,23.28,24.61,Lbs,12-Dec,12/12/2025 0:00,2025.0,12.0,12.0,2025-12-14,,,,
Agricultural,Cotton,USd/Lbs,63.817,0.154,-0.24,-0.18,1.46,-6.66,-7.93,,,12/12/2025,2025.0,12.0,12.0,2025-12-14,,,,
Industrial,Indium,CNY/Kg,2550.0,15.0,0.59,1.8,1.8,0.2,0.2,Kg,12-Dec,12/12/2025 0:00,2025.0,12.0,12.0,2025-12-14,,,,
Agricultural,Canola,CAD/T,606.5,14.8,-2.38,-1.85,-6.82,-0.36,-0.92,T,12-Dec,12/12/2025 0:00,2025.0,12.0,12.0,2025-12-14,,,,
Energy,Methanol,CNY/T,2067.0,7.0,-0.34,-0.48,0.73,-25.3,-20.47,T,12-Dec,12/12/2025 0:00,2025.0,12.0,12.0,2025-12-14,,,,
Agricultural,Wool,AUD/100Kg,1542.0,0.0,0.0,1.38,5.76,33.62,35.26,100Kg,12-Dec,12/12/2025 0:00,2025.0,12.0,12.0,2025-12-14,,,,
Agricultural,Cotton,USd/Lbs,63.817,0.154,-0.24,-0.18,1.46,-6.66,-7.93,Lbs,12-Dec,12/12/2025 0:00,2025.0,12.0,12.0,2025-12-14,,,,
Livestock,Lean Hogs,USd/Lbs,84.525,0.35,0.42,3.52,8.26,3.97,-1.26,Lbs,12-Dec,12/12/2025 0:00,2025.0,12.0,12.0,2025-12-14,,,,
Energy,Naphtha,USD/T,508.17,3.55,-0.69,-2.57,-5.14,-16.9,-16.74,,,12/12/2025,2025.0,12.0,12.0,2025-12-14,508.17,,,
Industrial,Indium,CNY/Kg,2550.0,15.0,0.59,1.8,1.8,0.2,0.2,,,12/12/2025,2025.0,12.0,12.0,2025-12-14,,,,
Agricultural,Soybeans,USd/Bu,1076.75,16.75,-1.53,-2.58,-6.12,7.86,8.96,Bu,12-Dec,12/12/2025 0:00,2025.0,12.0,12.0,2025-12-14,,,,
Energy,Coking Coal,USD/T,207.0,0.25,-0.12,-0.72,3.76,2.48,-0.36,T,12-Dec,12/12/2025 0:00,2025.0,12.0,12.0,2025-12-14,207.0,,,
Agricultural,Palm Oil,MYR/T,4018.0,46.0,-1.13,-3.23,-2.62,-9.59,-18.07,T,12-Dec,12/12/2025 0:00,2025.0,12.0,12.0,2025-12-14,,,,
Metals,Copper,USD/Lbs,5.2809,0.1325,-2.45,-1.75,4.66,32.69,27.38,Lbs,12-Dec,12/12/2025 0:00,2025.0,12.0,12.0,2025-12-14,5.2809,,,
Energy,Urals Oil,USD/Bbl,51.94,0.4,-0.76,-4.8,-2.04,-24.19,-22.4,Bbl,11-Dec,12/11/2025 0:00,2025.0,12.0,11.0,2025-12-14,51.94,,,
Metals,Platinum,USD/t.oz,1756.8,50.8,2.98,6.6,11.23,96.51,90.42,t.oz,12-Dec,12/12/2025 0:00,2025.0,12.0,12.0,2025-12-14,1756.8,,,
Energy,German Gas,EUR/MWh,29.27,0.86,3.01,0.67,-8.81,-41.3,-30.45,MWh,12-Dec,12/12/2025 0:00,2025.0,12.0,12.0,2025-12-14,,,,
Metals,Gold,USD/t.oz,4298.0,17.97,0.42,2.36,3.05,63.77,62.35,t.oz,12-Dec,12/12/2025 0:00,2025.0,12.0,12.0,2025-12-14,4298.0,,,
Index,Wind Energy Index,USD,20.41,0.05,-0.24,1.64,1.85,37.91,33.22,,12-Dec,12/12/2025 0:00,2025.0,12.0,12.0,2025-12-14,20.41,,,
Metals,Steel,CNY/T,3045.0,1.0,-0.03,-1.42,-0.1,-8.01,-7.36,T,12-Dec,12/12/2025 0:00,2025.0,12.0,12.0,2025-12-14,,,,
Agricultural,Lumber,USD/1000 board feet,556.53,0.03,0.01,3.16,-3.21,1.18,3.06,1000 board feet,12-Dec,12/12/2025 0:00,2025.0,12.0,12.0,2025-12-14,556.53,,,
Metals,Iron Ore CNY,CNY/T,760.5,3.5,0.46,-0.33,-2.06,-2.37,-4.58,T,12-Dec,12/12/2025 0:00,2025.0,12.0,12.0,2025-12-14,,,,
Index,GSCI,Index Points,545.51,4.77,-0.87,-3.4,-2.17,-0.75,-0.14,,12-Dec,12/12/2025 0:00,2025.0,12.0,12.0,2025-12-14,,,,
Agricultural,Corn,USd/BU,440.5,6.0,-1.34,0.86,-0.23,-3.93,-0.34,BU,12-Dec,12/12/2025 0:00,2025.0,12.0,12.0,2025-12-14,,,,
Index,Nuclear Energy Index,USD,46.19,2.81,-5.73,-4.29,2.3,72.54,57.06,,12-Dec,12/12/2025 0:00,2025.0,12.0,12.0,2025-12-14,46.19,,,
Metals,Lithium,CNY/T,94500.0,1000.0,1.07,1.34,12.03,25.92,23.69,T,12-Dec,12/12/2025 0:00,2025.0,12.0,12.0,2025-12-14,,,,
Industrial,Kraft Pulp,CNY/T,4790.0,28.0,-0.58,0.42,-2.28,-18.32,-16.72,T,12-Dec,12/12/2025 0:00,2025.0,12.0,12.0,2025-12-14,,,,
Index,Containerized Freight Index,Points,1506.46,108.83,7.79,7.79,0.76,-38.77,-36.82,,12-Dec,12/12/2025 0:00,2025.0,12.0,12.0,2025-12-14,,,,
Energy,UK Gas,GBp/thm,72.92,2.46,3.49,2.78,-8.88,-41.84,-28.95,,,12/12/2025,,,,2025-12-14,,,,
Livestock,Feeder Cattle,USd/Lbs,339.3734,4.0266,-1.17,0.1,0.7,28.91,31.61,Lbs,12-Dec,12/12/2025 0:00,2025.0,12.0,12.0,2025-12-14,,,,
Metals,Iron Ore,USD/T,106.05,0.16,-0.15,-1.11,1.92,2.36,0.7,T,12-Dec,12/12/2025 0:00,2025.0,12.0,12.0,2025-12-15,106.05,,,
Index,SSE Commodity Index,Index Points,8070.62,34.12,-0.42,-0.49,-5.19,2.46,-1.09,,15-Dec,12/15/2025 0:00,2025.0,12.0,15.0,2025-12-15,,,,
Electricity,Italy,EUR/MWh,116.72,1.33,1.15,10.38,8.92,-15.28,-13.05,MWh,15-Dec,12/15/2025 0:00,2025.0,12.0,15.0,2025-12-15,,,,
Energy,TTF Gas,EUR/MWh,27.04,0.64,-2.33,0.63,-13.93,-46.41,-31.5,MWh,15-Dec,12/15/2025 0:00,2025.0,12.0,15.0,2025-12-15,,,,
Metals,Steel,CNY/T,3046.0,1.0,0.03,-0.72,-1.26,-7.98,-7.39,T,15-Dec,12/15/2025 0:00,2025.0,12.0,15.0,2025-12-15,,,,
Metals,Lithium,CNY/T,95150.0,650.0,0.69,2.59,10.45,26.78,25.2,T,15-Dec,12/15/2025 0:00,2025.0,12.0,15.0,2025-12-15,,,,
Electricity,Spain,EUR/MWh,92.47,4.72,-4.86,67.15,16.74,-31.94,-23.49,MWh,15-Dec,12/15/2025 0:00,2025.0,12.0,15.0,2025-12-15,,,,
Energy,Coal,USD/T,108.5,0.25,-0.23,-1.59,-0.96,-13.37,-17.02,T,12-Dec,12/12/2025 0:00,2025.0,12.0,12.0,2025-12-15,108.5,,,
Energy,UK Gas,GBp/thm,72.7,0.54,-0.74,3.08,-11.73,-42.02,-27.79,thm,15-Dec,12/15/2025 0:00,2025.0,12.0,15.0,2025-12-15,,,,
Energy,Uranium,USD/Lbs,77.9,0.35,0.45,1.76,0.19,6.71,1.7,Lbs,12-Dec,12/12/2025 0:00,2025.0,12.0,12.0,2025-12-15,77.9,,,
Energy,Ethanol,USD/Gal,1.595,0.0,0.0,-1.24,-8.86,-5.62,0.31,Gal,12-Dec,12/12/2025 0:00,2025.0,12.0,12.0,2025-12-15,1.595,,,
Metals,Gold,USD/t.oz,4295.56,2.44,-0.06,2.52,6.15,63.68,62.0,t.oz,15-Dec,12/15/2025 0:00,2025.0,12.0,15.0,2025-12-15,4295.56,,,
Energy,Naphtha,USD/T,508.17,3.55,-0.69,-2.57,-5.14,-16.9,-16.74,T,12-Dec,12/12/2025 0:00,2025.0,12.0,12.0,2025-12-15,508.17,,,
Metals,Copper,USD/Lbs,5.3433,0.0624,1.18,-0.14,7.4,34.26,28.9,Lbs,15-Dec,12/15/2025 0:00,2025.0,12.0,15.0,2025-12-15,5.3433,,,
Metals,Platinum,USD/t.oz,1808.6,51.8,2.95,9.17,18.14,102.3,93.02,t.oz,15-Dec,12/15/2025 0:00,2025.0,12.0,15.0,2025-12-15,1808.6,,,
Energy,Methanol,CNY/T,2074.0,7.0,0.34,2.78,4.01,-25.05,-20.45,T,15-Dec,12/15/2025 0:00,2025.0,12.0,15.0,2025-12-15,,,,
Energy,Coking Coal,USD/T,211.25,4.25,2.05,3.21,6.07,4.58,1.56,T,15-Dec,12/15/2025 0:00,2025.0,12.0,15.0,2025-12-15,211.25,,,
Energy,German Gas,EUR/MWh,29.01,0.26,-0.88,1.61,-12.03,-41.82,-29.83,MWh,15-Dec,12/15/2025 0:00,2025.0,12.0,15.0,2025-12-15,,,,
Energy,Urals Oil,USD/Bbl,51.53,0.41,-0.79,-6.17,-4.22,-24.78,-24.56,Bbl,12-Dec,12/12/2025 0:00,2025.0,12.0,12.0,2025-12-15,51.53,,,
Agricultural,Cotton,USd/Lbs,63.957,0.127,0.2,0.44,2.56,-6.45,-7.36,Lbs,15-Dec,12/15/2025 0:00,2025.0,12.0,15.0,2025-12-15,,,,
Agricultural,Palm Oil,MYR/T,4006.0,12.0,-0.3,-2.15,-3.49,-9.86,-15.81,T,15-Dec,12/15/2025 0:00,2025.0,12.0,15.0,2025-12-15,,,,
Metals,Silver,USD/t.oz,63.396,1.39,2.24,9.07,26.26,119.52,107.79,t.oz,15-Dec,12/15/2025 0:00,2025.0,12.0,15.0,2025-12-15,63.396,,,
Energy,Heating Oil,USD/Gal,2.1725,0.0255,-1.16,-5.47,-14.7,-6.24,-3.86,Gal,15-Dec,12/15/2025 0:00,2025.0,12.0,15.0,2025-12-15,2.1725,,,
Agricultural,Milk,USD/CWT,15.84,0.05,-0.31,-0.63,-7.96,-15.34,-15.52,CWT,15-Dec,12/15/2025 0:00,2025.0,12.0,15.0,2025-12-15,15.84,,,
Energy,Brent,USD/Bbl,60.259,0.861,-1.41,-3.57,-6.14,-19.27,-18.47,Bbl,15-Dec,12/15/2025 0:00,2025.0,12.0,15.0,2025-12-15,60.259,,,
Metals,Silicon,CNY/T,8425.0,10.0,-0.12,-2.88,-7.37,-25.44,-29.79,T,15-Dec,12/15/2025 0:00,2025.0,12.0,15.0,2025-12-15,,,,
Agricultural,Soybeans,USd/Bu,1068.16,8.59,-0.8,-2.34,-7.7,7.0,8.77,Bu,15-Dec,12/15/2025 0:00,2025.0,12.0,15.0,2025-12-15,,,,
Metals,Iron Ore CNY,CNY/T,755.5,5.0,-0.66,-0.13,-3.57,-3.02,-5.56,T,15-Dec,12/15/2025 0:00,2025.0,12.0,15.0,2025-12-15,,,,
Agricultural,Orange Juice,USd/Lbs,166.94,3.79,2.32,9.04,7.32,-66.44,-68.67,Lbs,15-Dec,12/15/2025 0:00,2025.0,12.0,15.0,2025-12-15,,,,
Metals,Titanium,CNY/KG,46.0,0.0,0.0,1.1,-1.08,3.37,5.75,KG,15-Dec,12/15/2025 0:00,2025.0,12.0,15.0,2025-12-15,,,,
Agricultural,Wheat,USd/Bu,521.01,8.24,-1.56,-2.8,-4.27,-5.53,-5.27,Bu,15-Dec,12/15/2025 0:00,2025.0,12.0,15.0,2025-12-15,,,,
Agricultural,Barley,INR/T,2303.0,12.5,0.55,0.77,0.0,-5.01,-4.18,T,12-Dec,12/12/2025 0:00,2025.0,12.0,12.0,2025-12-15,,,,
Agricultural,Cheese,USD/Lbs,1.5241,0.0019,-0.12,0.01,-12.86,-19.83,-19.57,Lbs,15-Dec,12/15/2025 0:00,2025.0,12.0,15.0,2025-12-15,1.5241,,,
Agricultural,Coffee,USd/Lbs,384.41,12.79,-3.22,-2.94,-4.51,19.94,18.58,Lbs,15-Dec,12/15/2025 0:00,2025.0,12.0,15.0,2025-12-15,,,,
Agricultural,Lumber,USD/1000 board feet,558.56,0.56,0.1,2.11,2.39,1.55,5.17,1000 board feet,15-Dec,12/15/2025 0:00,2025.0,12.0,15.0,2025-12-15,558.56,,,
Energy,Propane,USD/Gal,0.68,0.01,-1.28,-4.9,5.41,-12.46,-12.77,Gal,12-Dec,12/12/2025 0:00,2025.0,12.0,12.0,2025-12-15,0.68,,,
Livestock,Salmon,NOK/KG,83.17,5.93,7.68,7.68,6.41,-11.36,4.84,KG,5-Dec,12/5/2025 0:00,2025.0,12.0,5.0,2025-12-15,,,,
Agricultural,Wool,AUD/100Kg,1542.0,0.0,0.0,1.38,5.76,33.62,35.26,100Kg,15-Dec,12/15/2025 0:00,2025.0,12.0,15.0,2025-12-15,,,,
Agricultural,Rice,USD/cwt,9.7918,0.0682,-0.69,-3.48,-6.21,-30.18,-34.5,cwt,15-Dec,12/15/2025 0:00,2025.0,12.0,15.0,2025-12-15,9.7918,,,
Agricultural,Canola,CAD/T,603.89,2.61,-0.43,-1.6,-7.83,-0.79,0.23,T,15-Dec,12/15/2025 0:00,2025.0,12.0,15.0,2025-12-15,,,,
Agricultural,Oat,USd/Bu,281.5248,4.4752,-1.56,-6.0,-8.74,-14.82,-23.5,Bu,15-Dec,12/15/2025 0:00,2025.0,12.0,15.0,2025-12-15,,,,
Agricultural,Sugar,USd/Lbs,14.9,0.2,-1.34,0.52,0.66,-22.77,-27.86,Lbs,15-Dec,12/15/2025 0:00,2025.0,12.0,15.0,2025-12-15,,,,
Agricultural,Cocoa,USD/T,5860.0,419.0,-6.67,3.75,11.32,-49.06,-49.9,T,15-Dec,12/15/2025 0:00,2025.0,12.0,15.0,2025-12-15,5860.0,,,
Agricultural,Tea,INR/Kgs,189.41,0.05,-0.03,-0.03,-4.57,11.37,3.09,Kgs,6-Dec,12/6/2025 0:00,2025.0,12.0,6.0,2025-12-15,,,,
Agricultural,Rapeseed,EUR/T,476.68,0.93,0.2,-0.01,-1.66,-6.54,-12.05,T,15-Dec,12/15/2025 0:00,2025.0,12.0,15.0,2025-12-15,,,,
Agricultural,Sunflower Oil,INR/10 kg,1432.3,1.3,-0.09,0.04,2.07,12.92,11.77,10 kg,12-Dec,12/12/2025 0:00,2025.0,12.0,12.0,2025-12-15,,,,
Metals,HRC Steel,USD/T,905.06,1.94,-0.21,-0.32,5.86,27.65,34.08,T,15-Dec,12/15/2025 0:00,2025.0,12.0,15.0,2025-12-15,905.06,,,
Electricity,United Kingdom,GBP/MWh,82.0,1.4,1.74,4.01,1.38,-19.96,-8.64,MWh,12-Dec,12/12/2025 0:00,2025.0,12.0,12.0,2025-12-15,,,,
Metals,Scrap Steel,USD/T,368.5,2.5,0.68,0.41,3.66,,2.5,T,12-Dec,12/12/2025 0:00,2025.0,12.0,12.0,2025-12-15,368.5,,,
Index,EU Carbon Permits,EUR,83.79,0.11,-0.13,2.21,3.01,14.78,30.05,,12-Dec,12/12/2025 0:00,2025.0,12.0,12.0,2025-12-15,,,,
Electricity,France,EUR/MWh,49.72,1.02,2.09,3.5,-5.21,-28.82,-28.77,MWh,12-Dec,12/12/2025 0:00,2025.0,12.0,12.0,2025-12-15,,,,
Industrial,Nickel,USD/T,14270.0,350.0,-2.39,-4.13,-2.76,-6.73,-8.93,T,15-Dec,12/15/2025 0:00,2025.0,12.0,15.0,2025-12-15,14270.0,,,
Index,Wind Energy Index,USD,20.48,0.07,0.34,1.59,2.35,38.38,34.38,,15-Dec,12/15/2025 0:00,2025.0,12.0,15.0,2025-12-15,20.48,,,
Industrial,Aluminum,USD/T,2872.6,4.4,-0.15,-0.56,2.02,12.58,12.08,T,15-Dec,12/15/2025 0:00,2025.0,12.0,15.0,2025-12-15,2872.6,,,
Industrial,Zinc,USD/T,3092.55,38.05,-1.22,-0.89,3.37,3.83,1.46,T,15-Dec,12/15/2025 0:00,2025.0,12.0,15.0,2025-12-15,3092.55,,,
Industrial,Molybdenum,CNY/Kg,455.5,0.0,0.0,0.0,-2.15,-2.88,-3.09,Kg,15-Dec,12/15/2025 0:00,2025.0,12.0,15.0,2025-12-15,,,,
Industrial,Palladium,USD/t.oz,1591.5,78.5,5.19,7.5,13.84,79.02,70.67,t.oz,15-Dec,12/15/2025 0:00,2025.0,12.0,15.0,2025-12-15,1591.5,,,
Agricultural,Butter,EUR/T,4163.0,13.0,0.31,3.43,-18.71,-42.98,-40.74,T,12-Dec,12/12/2025 0:00,2025.0,12.0,12.0,2025-12-15,,,,
Industrial,Lead,USD/T,1946.23,23.3,-1.18,-2.61,-4.71,-0.3,-2.59,T,15-Dec,12/15/2025 0:00,2025.0,12.0,15.0,2025-12-15,1946.23,,,
Industrial,Sulfur,CNY/T,4017.67,236.66,-5.56,-4.21,9.34,136.66,133.9,T,15-Dec,12/15/2025 0:00,2025.0,12.0,15.0,2025-12-15,,,,
Industrial,Soda Ash,CNY/T,1258.0,0.0,0.0,0.0,2.78,-17.67,-18.21,T,15-Dec,12/15/2025 0:00,2025.0,12.0,15.0,2025-12-15,,,,
Industrial,Tin,USD/T,41337.0,414.0,-0.99,3.17,11.03,42.13,42.07,T,12-Dec,12/12/2025 0:00,2025.0,12.0,12.0,2025-12-15,41337.0,,,
Agricultural,Potatoes,EUR/100KG,6.5,0.0,0.0,0.0,-13.33,-77.74,-77.43,100KG,12-Dec,12/12/2025 0:00,2025.0,12.0,12.0,2025-12-15,,,,
Industrial,Tellurium,CNY/Kg,760.0,0.0,0.0,0.0,4.83,17.83,16.03,Kg,15-Dec,12/15/2025 0:00,2025.0,12.0,15.0,2025-12-15,,,,
Industrial,Cobalt,USD/T,52790.0,0.0,0.0,2.54,8.69,117.24,117.24,T,12-Dec,12/12/2025 0:00,2025.0,12.0,12.0,2025-12-15,52790.0,,,
Industrial,Polypropylene,CNY/T,6208.0,60.0,0.98,-0.51,-3.98,-15.86,-16.55,T,15-Dec,12/15/2025 0:00,2025.0,12.0,15.0,2025-12-15,,,,
Energy,Natural gas,USD/MMBtu,4.0618,0.0512,-1.24,-17.31,-6.86,11.8,26.38,MMBtu,15-Dec,12/15/2025 0:00,2025.0,12.0,15.0,2025-12-15,4.0618,,,
Industrial,Urea,USD/T,364.0,6.5,1.82,2.68,-4.84,7.85,12.87,T,12-Dec,12/12/2025 0:00,2025.0,12.0,12.0,2025-12-15,364.0,,,
Industrial,Bitumen,CNY/T,2910.0,53.0,-1.79,-1.52,-4.84,-21.12,-16.55,T,15-Dec,12/15/2025 0:00,2025.0,12.0,15.0,2025-12-15,,,,
Industrial,Indium,CNY/Kg,2550.0,0.0,0.0,1.8,1.8,0.2,0.2,Kg,15-Dec,12/15/2025 0:00,2025.0,12.0,15.0,2025-12-15,,,,
Industrial,Neodymium,CNY/T,722500.0,0.0,0.0,0.0,3.96,45.37,41.67,T,15-Dec,12/15/2025 0:00,2025.0,12.0,15.0,2025-12-15,,,,
Industrial,Phosphorus,CNY/T,1025.0,0.0,0.0,0.0,0.0,-4.63,-4.63,T,15-Dec,12/15/2025 0:00,2025.0,12.0,15.0,2025-12-15,,,,
Industrial,Polyethylene,CNY/T,6540.0,34.0,0.52,-1.62,-4.53,-23.27,-22.01,T,15-Dec,12/15/2025 0:00,2025.0,12.0,15.0,2025-12-15,,,,
Index,Containerized Freight Index,Points,1506.46,0.0,0.0,7.79,3.8,-38.77,-36.82,,15-Dec,12/15/2025 0:00,2025.0,12.0,15.0,2025-12-15,,,,
Industrial,Synthetic Rubber,CNY/T,11141.67,41.67,0.38,0.38,1.6,-25.27,-25.43,T,15-Dec,12/15/2025 0:00,2025.0,12.0,15.0,2025-12-15,,,,
Industrial,Rhodium,USD/t oz.,7950.0,0.0,0.0,-0.31,0.63,73.77,73.77,t oz.,15-Dec,12/15/2025 0:00,2025.0,12.0,15.0,2025-12-15,7950.0,,,
Index,Nuclear Energy Index,USD,45.08,1.11,-2.4,-5.21,3.35,68.4,55.13,,15-Dec,12/15/2025 0:00,2025.0,12.0,15.0,2025-12-15,45.08,,,
Index,CRB Index,Index Points,373.19,3.08,-0.82,-2.44,-1.04,4.59,5.8,,12-Dec,12/12/2025 0:00,2025.0,12.0,12.0,2025-12-15,,,,
Index,GSCI,Index Points,540.6,4.91,-0.9,-2.69,-3.21,-1.65,-0.47,,15-Dec,12/15/2025 0:00,2025.0,12.0,15.0,2025-12-15,,,,
Industrial,Di-ammonium,USD/T,622.5,2.5,-0.4,1.47,-14.73,7.79,9.6,T,12-Dec,12/12/2025 0:00,2025.0,12.0,12.0,2025-12-15,622.5,,,
Industrial,Germanium,CNY/Kg,13750.0,0.0,0.0,-0.36,-1.43,-21.65,-22.54,Kg,15-Dec,12/15/2025 0:00,2025.0,12.0,15.0,2025-12-15,,,,
Industrial,Gallium,CNY/Kg,1650.0,0.0,0.0,0.0,-0.9,-20.48,-25.84,Kg,15-Dec,12/15/2025 0:00,2025.0,12.0,15.0,2025-12-15,,,,
Livestock,Feeder Cattle,USd/Lbs,338.5865,0.5135,-0.15,0.87,3.77,28.61,32.67,Lbs,15-Dec,12/15/2025 0:00,2025.0,12.0,15.0,2025-12-15,,,,
Livestock,Live Cattle,USd/Lbs,230.1973,0.3973,0.17,1.26,4.03,20.15,19.89,Lbs,15-Dec,12/15/2025 0:00,2025.0,12.0,15.0,2025-12-15,,,,
Livestock,Beef,BRL/15KG,320.8,0.1,-0.03,-0.4,-0.51,1.07,2.23,15KG,12-Dec,12/12/2025 0:00,2025.0,12.0,12.0,2025-12-15,,,,
Livestock,Poultry,BRL/Kgs,8.12,0.03,-0.37,-0.49,1.0,-2.17,-2.17,Kgs,12-Dec,12/12/2025 0:00,2025.0,12.0,12.0,2025-12-15,,,,
Livestock,Eggs US,USD/Dozen,1.29,0.16,-10.94,-30.91,-39.63,-77.74,-71.51,Dozen,15-Dec,12/15/2025 0:00,2025.0,12.0,15.0,2025-12-15,1.29,,,
Agricultural,Rubber,USD Cents / Kg,173.7,1.5,0.87,1.28,0.99,-12.01,-12.85,Kg,15-Dec,12/15/2025 0:00,2025.0,12.0,15.0,2025-12-15,,,,
Industrial,Polyvinyl,CNY/T,4306.0,59.0,1.39,-2.4,-5.28,-12.59,-13.88,T,15-Dec,12/15/2025 0:00,2025.0,12.0,15.0,2025-12-15,,,,
Index,Solar Energy Index,USD,47.6,0.19,-0.4,0.0,-2.42,41.29,38.98,,15-Dec,12/15/2025 0:00,2025.0,12.0,15.0,2025-12-15,47.6,,,
Livestock,Eggs CH,CNY/T,3108.0,24.0,0.78,-1.4,11.0,-11.73,-31.6,T,15-Dec,12/15/2025 0:00,2025.0,12.0,15.0,2025-12-15,,,,
Energy,Crude Oil,USD/Bbl,56.607,0.833,-1.45,-3.86,-5.43,-21.07,-19.47,Bbl,15-Dec,12/15/2025 0:00,2025.0,12.0,15.0,2025-12-15,56.607,,,
Agricultural,Corn,USd/BU,437.6783,3.0717,-0.7,0.33,0.67,-4.54,-1.65,BU,15-Dec,12/15/2025 0:00,2025.0,12.0,15.0,2025-12-15,,,,
Electricity,Germany,EUR/MWh,96.88,0.09,-0.09,10.51,-1.1,-16.29,-6.5,MWh,12-Dec,12/12/2025 0:00,2025.0,12.0,12.0,2025-12-15,,,,
Industrial,Magnesium,CNY/T,16500.0,50.0,-0.3,-2.08,-3.23,-2.94,-3.51,T,15-Dec,12/15/2025 0:00,2025.0,12.0,15.0,2025-12-15,,,,
Industrial,Kraft Pulp,CNY/T,4828.0,38.0,0.79,1.22,-1.51,-17.67,-16.06,T,15-Dec,12/15/2025 0:00,2025.0,12.0,15.0,2025-12-15,,,,
Livestock,Lean Hogs,USd/Lbs,83.664,0.861,-1.02,1.66,6.48,2.91,0.14,Lbs,15-Dec,12/15/2025 0:00,2025.0,12.0,15.0,2025-12-15,,,,
Energy,Gasoline,USD/Gal,1.7267,0.0273,-1.56,-3.74,-12.88,-14.2,-12.48,Gal,15-Dec,12/15/2025 0:00,2025.0,12.0,15.0,2025-12-15,1.7267,,,
Industrial,Manganese,CNY/mtu,30.25,0.0,0.0,1.34,1.34,5.22,3.42,mtu,15-Dec,12/15/2025 0:00,2025.0,12.0,15.0,2025-12-15,,,,
Index,Nuclear Energy Index,USD,46.15,1.75,3.94,-0.09,9.75,72.39,65.95,,19-Dec,12/19/2025 0:00,2025.0,12.0,19.0,2025-12-20,46.15,,,
Agricultural,Cocoa,USD/T,5845.0,89.0,-1.5,-6.91,14.43,-49.19,-50.75,T,19-Dec,12/19/2025 0:00,2025.0,12.0,19.0,2025-12-20,5845.0,,,
Industrial,Lead,USD/T,1986.88,25.7,1.31,0.88,-1.23,1.79,0.04,T,19-Dec,12/19/2025 0:00,2025.0,12.0,19.0,2025-12-20,1986.88,,,
Index,Wind Energy Index,USD,20.4,0.16,0.79,-0.05,5.32,37.84,36.45,,19-Dec,12/19/2025 0:00,2025.0,12.0,19.0,2025-12-20,20.4,,,
Agricultural,Rapeseed,EUR/T,453.75,7.25,-1.57,-4.62,-6.3,-11.03,-12.1,T,19-Dec,12/19/2025 0:00,2025.0,12.0,19.0,2025-12-20,,,,
Agricultural,Barley,INR/T,2288.0,13.0,-0.57,-0.11,-0.54,-5.63,-4.69,T,18-Dec,12/18/2025 0:00,2025.0,12.0,18.0,2025-12-20,,,,
Agricultural,Potatoes,EUR/100KG,6.5,0.0,0.0,0.0,-12.16,-77.74,-77.97,100KG,19-Dec,12/19/2025 0:00,2025.0,12.0,19.0,2025-12-20,,,,
Agricultural,Corn,USd/BU,443.25,1.25,-0.28,0.57,3.93,-3.33,-0.67,BU,19-Dec,12/19/2025 0:00,2025.0,12.0,19.0,2025-12-20,,,,
Industrial,Bitumen,CNY/T,2940.0,4.0,0.14,-0.78,-3.86,-20.3,-16.81,T,19-Dec,12/19/2025 0:00,2025.0,12.0,19.0,2025-12-20,,,,
Industrial,Molybdenum,CNY/Kg,450.5,5.0,-1.1,-1.1,-3.22,-3.94,-3.94,Kg,19-Dec,12/19/2025 0:00,2025.0,12.0,19.0,2025-12-20,,,,
Industrial,Aluminum,USD/T,2958.9,42.8,1.47,2.85,5.2,15.97,16.35,T,19-Dec,12/19/2025 0:00,2025.0,12.0,19.0,2025-12-20,2958.9,,,
Agricultural,Tea,INR/Kgs,189.41,0.05,-0.03,-0.03,-4.57,11.37,3.09,Kgs,6-Dec,12/6/2025 0:00,2025.0,12.0,6.0,2025-12-20,,,,
Industrial,Zinc,USD/T,3078.25,14.35,0.47,-1.67,2.23,3.35,3.47,T,19-Dec,12/19/2025 0:00,2025.0,12.0,19.0,2025-12-20,3078.25,,,
Industrial,Tin,USD/T,42927.0,652.0,1.54,2.82,16.17,47.6,51.16,T,18-Dec,12/18/2025 0:00,2025.0,12.0,18.0,2025-12-20,42927.0,,,
Industrial,Rhodium,USD/t oz.,8050.0,0.0,0.0,1.26,0.63,75.96,75.96,t oz.,19-Dec,12/19/2025 0:00,2025.0,12.0,19.0,2025-12-20,8050.0,,,
Agricultural,Sugar,USd/Lbs,14.85,0.37,2.56,-1.66,1.3,-23.02,-23.89,Lbs,19-Dec,12/19/2025 0:00,2025.0,12.0,19.0,2025-12-20,,,,
Metals,Iron Ore,USD/T,106.92,0.02,0.02,0.82,2.57,3.19,2.97,T,19-Dec,12/19/2025 0:00,2025.0,12.0,19.0,2025-12-20,106.92,,,
Agricultural,Wool,AUD/100Kg,1541.0,0.0,0.0,-0.06,1.78,33.54,33.54,100Kg,19-Dec,12/19/2025 0:00,2025.0,12.0,19.0,2025-12-20,,,,
Metals,Scrap Steel,USD/T,367.5,0.5,-0.14,0.41,3.38,,2.23,T,18-Dec,12/18/2025 0:00,2025.0,12.0,18.0,2025-12-20,367.5,,,
Index,EU Carbon Permits,EUR,87.05,0.57,0.66,3.89,6.99,19.25,27.64,,19-Dec,12/19/2025 0:00,2025.0,12.0,19.0,2025-12-20,,,,
Metals,Titanium,CNY/KG,46.0,0.0,0.0,0.0,-1.08,3.37,3.37,KG,19-Dec,12/19/2025 0:00,2025.0,12.0,19.0,2025-12-20,,,,
Industrial,Cobalt,USD/T,52790.0,0.0,0.0,0.0,8.69,117.24,117.24,T,18-Dec,12/18/2025 0:00,2025.0,12.0,18.0,2025-12-20,52790.0,,,
Agricultural,Soybeans,USd/Bu,1049.25,3.0,-0.29,-2.55,-6.53,5.11,7.67,Bu,19-Dec,12/19/2025 0:00,2025.0,12.0,19.0,2025-12-20,,,,
Index,CRB Index,Index Points,369.47,2.41,0.66,-1.0,-0.55,3.55,5.29,,19-Dec,12/19/2025 0:00,2025.0,12.0,19.0,2025-12-20,,,,
Agricultural,Lumber,USD/1000 board feet,557.0,0.0,0.0,-0.18,3.53,1.26,-2.12,1000 board feet,19-Dec,12/19/2025 0:00,2025.0,12.0,19.0,2025-12-20,557.0,,,
Agricultural,Coffee,USd/Lbs,341.2,3.9,-1.13,-14.1,-16.06,6.46,5.53,Lbs,19-Dec,12/19/2025 0:00,2025.0,12.0,19.0,2025-12-20,,,,
Industrial,Phosphorus,CNY/T,1025.0,0.0,0.0,0.0,0.0,-4.63,-4.63,T,19-Dec,12/19/2025 0:00,2025.0,12.0,19.0,2025-12-20,,,,
Agricultural,Canola,CAD/T,581.6,6.7,-1.14,-4.11,-10.55,-4.45,-4.45,T,19-Dec,12/19/2025 0:00,2025.0,12.0,19.0,2025-12-20,,,,
Agricultural,Rice,USD/cwt,9.8,0.225,2.35,-0.61,-2.29,-30.12,-30.37,cwt,19-Dec,12/19/2025 0:00,2025.0,12.0,19.0,2025-12-20,9.8,,,
Agricultural,Cotton,USd/Lbs,63.641,0.131,0.21,-0.3,3.18,-6.91,-6.56,Lbs,19-Dec,12/19/2025 0:00,2025.0,12.0,19.0,2025-12-20,,,,
Agricultural,Oat,USd/Bu,297.254,0.004,0.0,3.94,-2.78,-10.06,-15.37,Bu,19-Dec,12/19/2025 0:00,2025.0,12.0,19.0,2025-12-20,,,,
Agricultural,Orange Juice,USd/Lbs,198.1,20.0,11.23,21.42,30.07,-60.18,-61.86,Lbs,19-Dec,12/19/2025 0:00,2025.0,12.0,19.0,2025-12-20,,,,
Agricultural,Rubber,USD Cents / Kg,175.3,0.7,-0.4,1.8,1.45,-11.2,-7.4,Kg,19-Dec,12/19/2025 0:00,2025.0,12.0,19.0,2025-12-20,,,,
Agricultural,Milk,USD/CWT,15.77,0.02,-0.13,-0.76,-8.37,-15.71,-15.58,CWT,19-Dec,12/19/2025 0:00,2025.0,12.0,19.0,2025-12-20,15.77,,,
Agricultural,Cheese,USD/Lbs,1.521,0.002,-0.13,-0.33,-13.09,-19.99,-17.96,Lbs,19-Dec,12/19/2025 0:00,2025.0,12.0,19.0,2025-12-20,1.521,,,
Industrial,Nickel,USD/T,14900.0,270.0,1.85,1.92,3.08,-2.61,-2.93,T,19-Dec,12/19/2025 0:00,2025.0,12.0,19.0,2025-12-20,14900.0,,,
Agricultural,Sunflower Oil,INR/10 kg,1430.9,0.1,-0.01,-0.1,2.14,12.81,13.44,10 kg,19-Dec,12/19/2025 0:00,2025.0,12.0,19.0,2025-12-20,,,,
Agricultural,Wheat,USd/Bu,509.75,2.0,0.39,-3.68,-3.27,-7.57,-4.36,Bu,19-Dec,12/19/2025 0:00,2025.0,12.0,19.0,2025-12-20,,,,
Index,SSE Commodity Index,Index Points,8136.53,119.98,1.5,0.39,-1.94,3.3,0.93,,19-Dec,12/19/2025 0:00,2025.0,12.0,19.0,2025-12-20,,,,
Industrial,Polyvinyl,CNY/T,4400.0,32.0,-0.72,3.6,0.02,-10.68,-11.49,T,19-Dec,12/19/2025 0:00,2025.0,12.0,19.0,2025-12-20,,,,
Industrial,Polypropylene,CNY/T,6160.0,61.0,-0.98,0.2,-3.69,-16.51,-16.5,T,19-Dec,12/19/2025 0:00,2025.0,12.0,19.0,2025-12-20,,,,
Livestock,Eggs US,USD/Dozen,1.01,0.03,-2.94,-30.32,-54.72,-82.58,-77.71,Dozen,19-Dec,12/19/2025 0:00,2025.0,12.0,19.0,2025-12-20,1.01,,,
Livestock,Eggs CH,CNY/T,3068.0,1.0,-0.03,-0.52,3.61,-12.87,-32.48,T,19-Dec,12/19/2025 0:00,2025.0,12.0,19.0,2025-12-20,,,,
Livestock,Salmon,NOK/KG,75.79,7.38,-8.87,-8.87,4.91,-19.23,2.95,KG,12-Dec,12/12/2025 0:00,2025.0,12.0,12.0,2025-12-20,,,,
Index,GSCI,Index Points,542.2,3.29,0.61,-0.61,-1.64,-1.35,0.58,,19-Dec,12/19/2025 0:00,2025.0,12.0,19.0,2025-12-20,,,,
Index,Containerized Freight Index,Points,1552.92,46.45,3.08,3.08,7.0,-36.88,-35.03,,19-Dec,12/19/2025 0:00,2025.0,12.0,19.0,2025-12-20,,,,
Metals,Silicon,CNY/T,8645.0,10.0,0.12,2.49,-4.79,-23.5,-25.35,T,19-Dec,12/19/2025 0:00,2025.0,12.0,19.0,2025-12-20,,,,
Agricultural,Palm Oil,MYR/T,3906.0,73.0,-1.83,-2.79,-5.95,-12.11,-11.91,T,19-Dec,12/19/2025 0:00,2025.0,12.0,19.0,2025-12-20,,,,
Industrial,Polyethylene,CNY/T,6348.0,119.0,-1.84,-2.43,-6.84,-25.52,-24.62,T,19-Dec,12/19/2025 0:00,2025.0,12.0,19.0,2025-12-20,,,,
Industrial,Palladium,USD/t.oz,1750.5,12.5,0.72,15.7,26.62,96.91,93.85,t.oz,19-Dec,12/19/2025 0:00,2025.0,12.0,19.0,2025-12-20,1750.5,,,
Metals,Iron Ore CNY,CNY/T,779.0,2.0,0.26,3.25,-1.33,0.0,1.1,T,19-Dec,12/19/2025 0:00,2025.0,12.0,19.0,2025-12-20,,,,
Electricity,France,EUR/MWh,50.91,0.57,1.13,2.39,-2.19,-27.12,-29.19,MWh,19-Dec,12/19/2025 0:00,2025.0,12.0,19.0,2025-12-20,,,,
Livestock,Poultry,BRL/Kgs,8.1,0.0,0.0,-0.25,-0.25,-2.41,-1.94,Kgs,19-Dec,12/19/2025 0:00,2025.0,12.0,19.0,2025-12-20,,,,
Livestock,Beef,BRL/15KG,318.0,0.0,0.0,-0.87,-1.38,0.19,0.92,15KG,19-Dec,12/19/2025 0:00,2025.0,12.0,19.0,2025-12-20,,,,
Livestock,Lean Hogs,USd/Lbs,84.5,0.375,0.45,-0.03,6.32,3.94,-1.66,Lbs,19-Dec,12/19/2025 0:00,2025.0,12.0,19.0,2025-12-20,,,,
Industrial,Di-ammonium,USD/T,625.0,0.0,0.0,0.0,-6.02,8.23,9.27,T,18-Dec,12/18/2025 0:00,2025.0,12.0,18.0,2025-12-20,625.0,,,
Industrial,Synthetic Rubber,CNY/T,11400.0,0.0,0.0,2.7,2.55,-23.53,-23.53,T,19-Dec,12/19/2025 0:00,2025.0,12.0,19.0,2025-12-20,,,,
Industrial,Soda Ash,CNY/T,1258.0,0.0,0.0,0.0,2.78,-17.67,-18.21,T,19-Dec,12/19/2025 0:00,2025.0,12.0,19.0,2025-12-20,,,,
Electricity,Germany,EUR/MWh,92.68,0.0,0.0,-4.34,-7.88,-19.92,-12.23,MWh,19-Dec,12/19/2025 0:00,2025.0,12.0,19.0,2025-12-20,,,,
Industrial,Tellurium,CNY/Kg,740.0,0.0,0.0,-2.63,-1.33,14.73,14.73,Kg,19-Dec,12/19/2025 0:00,2025.0,12.0,19.0,2025-12-20,,,,
Industrial,Urea,USD/T,377.0,0.5,-0.13,5.45,-0.26,11.7,16.9,T,18-Dec,12/18/2025 0:00,2025.0,12.0,18.0,2025-12-20,377.0,,,
Industrial,Neodymium,CNY/T,715000.0,2500.0,-0.35,-1.04,0.0,43.86,43.57,T,19-Dec,12/19/2025 0:00,2025.0,12.0,19.0,2025-12-20,,,,
Livestock,Live Cattle,USd/Lbs,230.4,1.975,0.86,0.26,7.3,20.26,20.29,Lbs,19-Dec,12/19/2025 0:00,2025.0,12.0,19.0,2025-12-20,,,,
Industrial,Germanium,CNY/Kg,13600.0,0.0,0.0,-1.09,-2.51,-22.51,-23.38,Kg,19-Dec,12/19/2025 0:00,2025.0,12.0,19.0,2025-12-20,,,,
Industrial,Manganese,CNY/mtu,30.25,0.0,0.0,0.0,1.34,5.22,5.22,mtu,19-Dec,12/19/2025 0:00,2025.0,12.0,19.0,2025-12-20,,,,
Industrial,Indium,CNY/Kg,2550.0,0.0,0.0,0.0,1.8,0.2,0.2,Kg,19-Dec,12/19/2025 0:00,2025.0,12.0,19.0,2025-12-20,,,,
Industrial,Kraft Pulp,CNY/T,5412.0,38.0,-0.7,12.99,12.14,-7.71,-6.07,T,19-Dec,12/19/2025 0:00,2025.0,12.0,19.0,2025-12-20,,,,
Livestock,Feeder Cattle,USd/Lbs,346.0336,5.7586,1.69,2.04,9.37,31.44,35.29,Lbs,19-Dec,12/19/2025 0:00,2025.0,12.0,19.0,2025-12-20,,,,
Metals,Steel,CNY/T,3069.0,15.0,-0.49,0.79,0.07,-7.28,-4.51,T,19-Dec,12/19/2025 0:00,2025.0,12.0,19.0,2025-12-20,,,,
Industrial,Gallium,CNY/Kg,1650.0,0.0,0.0,0.0,-0.9,-20.48,-25.84,Kg,19-Dec,12/19/2025 0:00,2025.0,12.0,19.0,2025-12-20,,,,
Electricity,Spain,EUR/MWh,102.76,17.71,20.82,5.73,21.55,-24.36,-10.39,MWh,19-Dec,12/19/2025 0:00,2025.0,12.0,19.0,2025-12-20,,,,
Metals,Silver,USD/t.oz,67.137,1.691,2.58,8.27,32.52,132.48,127.54,t.oz,19-Dec,12/19/2025 0:00,2025.0,12.0,19.0,2025-12-20,67.137,,,
Industrial,Magnesium,CNY/T,16600.0,50.0,0.3,0.3,-2.64,-2.35,-2.92,T,19-Dec,12/19/2025 0:00,2025.0,12.0,19.0,2025-12-20,,,,
Electricity,United Kingdom,GBP/MWh,85.57,2.12,2.54,4.35,2.79,-16.48,-8.53,MWh,19-Dec,12/19/2025 0:00,2025.0,12.0,19.0,2025-12-20,,,,
Industrial,Sulfur,CNY/T,3701.0,16.67,-0.45,-13.01,-0.8,118.0,115.89,T,19-Dec,12/19/2025 0:00,2025.0,12.0,19.0,2025-12-20,,,,
Index,Solar Energy Index,USD,49.01,0.95,1.98,2.55,7.64,45.47,45.65,,19-Dec,12/19/2025 0:00,2025.0,12.0,19.0,2025-12-20,49.01,,,
Energy,Uranium,USD/Lbs,80.25,1.25,1.58,3.02,5.32,9.93,9.48,Lbs,19-Dec,12/19/2025 0:00,2025.0,12.0,19.0,2025-12-20,80.25,,,
Energy,Ethanol,USD/Gal,1.575,0.02,-1.25,-1.25,-8.16,-6.8,-2.78,Gal,19-Dec,12/19/2025 0:00,2025.0,12.0,19.0,2025-12-20,1.575,,,
Energy,Naphtha,USD/T,502.29,0.51,0.1,-1.84,-5.95,-17.86,-17.38,T,18-Dec,12/18/2025 0:00,2025.0,12.0,18.0,2025-12-20,502.29,,,
Energy,Propane,USD/Gal,0.67,0.0,-0.07,-3.06,3.02,-14.04,-13.73,Gal,18-Dec,12/18/2025 0:00,2025.0,12.0,18.0,2025-12-20,0.67,,,
Energy,Methanol,CNY/T,2116.0,16.0,-0.75,2.37,7.03,-23.53,-19.67,T,19-Dec,12/19/2025 0:00,2025.0,12.0,19.0,2025-12-20,,,,
Energy,Coking Coal,USD/T,216.5,0.5,-0.23,4.09,9.34,7.18,6.65,T,19-Dec,12/19/2025 0:00,2025.0,12.0,19.0,2025-12-20,216.5,,,
Metals,Platinum,USD/t.oz,2008.2,58.1,2.98,14.31,33.33,124.63,116.61,t.oz,19-Dec,12/19/2025 0:00,2025.0,12.0,19.0,2025-12-20,2008.2,,,
Metals,Gold,USD/t.oz,4342.73,11.75,0.27,1.04,6.52,65.48,65.62,t.oz,19-Dec,12/19/2025 0:00,2025.0,12.0,19.0,2025-12-20,4342.73,,,
Metals,Copper,USD/Lbs,5.4111,0.0589,1.1,2.47,9.11,35.96,34.09,Lbs,19-Dec,12/19/2025 0:00,2025.0,12.0,19.0,2025-12-20,5.4111,,,
Energy,German Gas,EUR/MWh,29.7,0.47,1.6,1.47,-9.5,-40.44,-34.19,MWh,19-Dec,12/19/2025 0:00,2025.0,12.0,19.0,2025-12-20,,,,
Energy,TTF Gas,EUR/MWh,28.23,0.58,2.09,1.97,-9.4,-44.05,-35.48,MWh,19-Dec,12/19/2025 0:00,2025.0,12.0,19.0,2025-12-20,,,,
Agricultural,Butter,EUR/T,4250.0,13.0,-0.3,2.09,-17.07,-41.79,-39.75,T,19-Dec,12/19/2025 0:00,2025.0,12.0,19.0,2025-12-20,,,,
Energy,Urals Oil,USD/Bbl,49.52,0.8,-1.59,-4.66,-9.83,-27.72,-26.83,Bbl,18-Dec,12/18/2025 0:00,2025.0,12.0,18.0,2025-12-20,49.52,,,
Electricity,Italy,EUR/MWh,119.1,1.28,-1.07,3.22,-7.26,-13.55,4.25,MWh,19-Dec,12/19/2025 0:00,2025.0,12.0,19.0,2025-12-20,,,,
Energy,UK Gas,GBp/thm,75.5245,2.4245,3.32,3.12,-7.34,-39.77,-30.83,thm,19-Dec,12/19/2025 0:00,2025.0,12.0,19.0,2025-12-20,,,,
Energy,Coal,USD/T,108.3,0.3,-0.28,-0.41,-2.43,-13.53,-15.23,T,18-Dec,12/18/2025 0:00,2025.0,12.0,18.0,2025-12-20,108.3,,,
Energy,Natural gas,USD/MMBtu,3.984,0.076,1.94,-3.14,-14.63,9.66,6.3,MMBtu,19-Dec,12/19/2025 0:00,2025.0,12.0,19.0,2025-12-20,3.984,,,
Energy,Brent,USD/Bbl,60.47,0.65,1.09,-1.06,-4.59,-18.98,-17.1,Bbl,19-Dec,12/19/2025 0:00,2025.0,12.0,19.0,2025-12-20,60.47,,,
Metals,Lithium,CNY/T,97650.0,100.0,0.1,3.33,6.96,30.11,29.25,T,19-Dec,12/19/2025 0:00,2025.0,12.0,19.0,2025-12-20,,,,
Energy,Gasoline,USD/Gal,1.7111,0.0147,0.87,-2.45,-10.32,-14.97,-11.92,Gal,19-Dec,12/19/2025 0:00,2025.0,12.0,19.0,2025-12-20,1.7111,,,
Energy,Heating Oil,USD/Gal,2.1229,0.0087,-0.41,-3.42,-16.2,-8.39,-5.12,Gal,19-Dec,12/19/2025 0:00,2025.0,12.0,19.0,2025-12-20,2.1229,,,
Metals,HRC Steel,USD/T,907.0,0.0,0.0,0.0,-0.44,27.93,26.32,T,19-Dec,12/19/2025 0:00,2025.0,12.0,19.0,2025-12-20,907.0,,,
Energy,Crude Oil,USD/Bbl,56.52,0.52,0.93,-1.6,-4.2,-21.19,-18.63,Bbl,19-Dec,12/19/2025 0:00,2025.0,12.0,19.0,2025-12-20,56.52,,,
Energy,Natural gas,USD/MMBtu,3.984,0.076,1.94,-3.14,-14.63,9.66,6.3,MMBtu,19-Dec,12/19/2025 0:00,2025.0,12.0,19.0,2025-12-21,3.984,,,
Energy,Heating Oil,USD/Gal,2.1229,0.0087,-0.41,-3.42,-16.2,-8.39,-5.12,Gal,19-Dec,12/19/2025 0:00,2025.0,12.0,19.0,2025-12-21,2.1229,,,
Energy,Gasoline,USD/Gal,1.7111,0.0147,0.87,-2.45,-10.32,-14.97,-11.92,Gal,19-Dec,12/19/2025 0:00,2025.0,12.0,19.0,2025-12-21,1.7111,,,
Metals,Platinum,USD/t.oz,2008.2,58.1,2.98,14.31,33.33,124.63,116.61,t.oz,19-Dec,12/19/2025 0:00,2025.0,12.0,19.0,2025-12-21,2008.2,,,
Energy,Brent,USD/Bbl,60.47,0.65,1.09,-1.06,-4.59,-18.98,-17.1,Bbl,19-Dec,12/19/2025 0:00,2025.0,12.0,19.0,2025-12-21,60.47,,,
Electricity,Italy,EUR/MWh,119.1,1.28,-1.07,3.22,-7.26,-13.55,4.25,MWh,19-Dec,12/19/2025 0:00,2025.0,12.0,19.0,2025-12-21,,,,
Metals,Iron Ore,USD/T,106.92,0.02,0.02,0.82,2.57,3.19,2.97,T,19-Dec,12/19/2025 0:00,2025.0,12.0,19.0,2025-12-21,106.92,,,
Metals,Iron Ore CNY,CNY/T,779.0,3.0,0.39,3.25,-1.33,0.0,1.1,T,19-Dec,12/19/2025 0:00,2025.0,12.0,19.0,2025-12-21,,,,
Energy,TTF Gas,EUR/MWh,28.23,0.58,2.09,1.97,-9.4,-44.05,-35.48,MWh,19-Dec,12/19/2025 0:00,2025.0,12.0,19.0,2025-12-21,,,,
Agricultural,Barley,INR/T,2290.0,2.0,0.09,-0.56,-0.43,-5.55,-4.82,T,19-Dec,12/19/2025 0:00,2025.0,12.0,19.0,2025-12-21,,,,
Energy,German Gas,EUR/MWh,29.7,0.47,1.6,1.47,-9.5,-40.44,-34.19,MWh,19-Dec,12/19/2025 0:00,2025.0,12.0,19.0,2025-12-21,,,,
Energy,Naphtha,USD/T,502.29,0.51,0.1,-1.84,-5.95,-17.86,-17.38,T,18-Dec,12/18/2025 0:00,2025.0,12.0,18.0,2025-12-21,502.29,,,
Energy,Uranium,USD/Lbs,80.25,1.25,1.58,3.02,5.32,9.93,9.48,Lbs,19-Dec,12/19/2025 0:00,2025.0,12.0,19.0,2025-12-21,80.25,,,
Energy,Propane,USD/Gal,0.67,0.0,-0.07,-3.06,3.02,-14.04,-13.73,Gal,18-Dec,12/18/2025 0:00,2025.0,12.0,18.0,2025-12-21,0.67,,,
Energy,Coking Coal,USD/T,216.5,0.5,-0.23,4.09,9.34,7.18,6.65,T,19-Dec,12/19/2025 0:00,2025.0,12.0,19.0,2025-12-21,216.5,,,
Energy,Urals Oil,USD/Bbl,49.52,0.8,-1.59,-4.66,-9.83,-27.72,-26.83,Bbl,18-Dec,12/18/2025 0:00,2025.0,12.0,18.0,2025-12-21,49.52,,,
Metals,Gold,USD/t.oz,4342.73,11.75,0.27,1.04,6.52,65.48,65.62,t.oz,19-Dec,12/19/2025 0:00,2025.0,12.0,19.0,2025-12-21,4342.73,,,
Metals,Silver,USD/t.oz,67.137,1.691,2.58,8.27,32.52,132.48,127.54,t.oz,19-Dec,12/19/2025 0:00,2025.0,12.0,19.0,2025-12-21,67.137,,,
Metals,HRC Steel,USD/T,907.0,0.0,0.0,0.0,-0.44,27.93,26.32,T,19-Dec,12/19/2025 0:00,2025.0,12.0,19.0,2025-12-21,907.0,,,
Energy,Ethanol,USD/Gal,1.575,0.02,-1.25,-1.25,-8.16,-6.8,-2.78,Gal,19-Dec,12/19/2025 0:00,2025.0,12.0,19.0,2025-12-21,1.575,,,
Agricultural,Coffee,USd/Lbs,341.2,3.9,-1.13,-14.1,-16.06,6.46,5.53,Lbs,19-Dec,12/19/2025 0:00,2025.0,12.0,19.0,2025-12-21,,,,
Metals,Copper,USD/Lbs,5.4111,0.0589,1.1,2.47,9.11,35.96,34.09,Lbs,19-Dec,12/19/2025 0:00,2025.0,12.0,19.0,2025-12-21,5.4111,,,
Energy,Coal,USD/T,108.3,0.3,-0.28,-0.41,-2.43,-13.53,-15.23,T,18-Dec,12/18/2025 0:00,2025.0,12.0,18.0,2025-12-21,108.3,,,
Metals,Lithium,CNY/T,97650.0,100.0,0.1,3.33,6.96,30.11,29.25,T,19-Dec,12/19/2025 0:00,2025.0,12.0,19.0,2025-12-21,,,,
Agricultural,Sunflower Oil,INR/10 kg,1430.9,0.1,-0.01,-0.1,2.14,12.81,13.44,10 kg,19-Dec,12/19/2025 0:00,2025.0,12.0,19.0,2025-12-21,,,,
Agricultural,Cheese,USD/Lbs,1.521,0.002,-0.13,-0.33,-13.09,-19.99,-17.96,Lbs,19-Dec,12/19/2025 0:00,2025.0,12.0,19.0,2025-12-21,1.521,,,
Agricultural,Orange Juice,USd/Lbs,198.1,20.0,11.23,21.42,30.07,-60.18,-61.86,Lbs,19-Dec,12/19/2025 0:00,2025.0,12.0,19.0,2025-12-21,,,,
Metals,Silicon,CNY/T,8645.0,10.0,0.12,2.49,-4.79,-23.5,-25.35,T,19-Dec,12/19/2025 0:00,2025.0,12.0,19.0,2025-12-21,,,,
Metals,Scrap Steel,USD/T,367.5,0.5,-0.14,0.41,3.38,,2.23,T,18-Dec,12/18/2025 0:00,2025.0,12.0,18.0,2025-12-21,367.5,,,
Metals,Titanium,CNY/KG,46.0,0.0,0.0,0.0,-1.08,3.37,3.37,KG,19-Dec,12/19/2025 0:00,2025.0,12.0,19.0,2025-12-21,,,,
Agricultural,Soybeans,USd/Bu,1049.25,3.0,-0.29,-2.55,-6.53,5.11,7.67,Bu,19-Dec,12/19/2025 0:00,2025.0,12.0,19.0,2025-12-21,,,,
Agricultural,Wheat,USd/Bu,509.75,2.0,0.39,-3.68,-3.27,-7.57,-4.36,Bu,19-Dec,12/19/2025 0:00,2025.0,12.0,19.0,2025-12-21,,,,
Electricity,Spain,EUR/MWh,102.76,17.71,20.82,5.73,21.55,-24.36,-10.39,MWh,19-Dec,12/19/2025 0:00,2025.0,12.0,19.0,2025-12-21,,,,
Agricultural,Lumber,USD/1000 board feet,557.0,0.0,0.0,-0.18,3.53,1.26,-2.12,1000 board feet,19-Dec,12/19/2025 0:00,2025.0,12.0,19.0,2025-12-21,557.0,,,
Agricultural,Palm Oil,MYR/T,3906.0,73.0,-1.83,-2.79,-5.95,-12.11,-11.91,T,19-Dec,12/19/2025 0:00,2025.0,12.0,19.0,2025-12-21,,,,
Metals,Steel,CNY/T,3069.0,15.0,-0.49,0.79,0.07,-7.28,-4.51,T,19-Dec,12/19/2025 0:00,2025.0,12.0,19.0,2025-12-21,,,,
Agricultural,Rapeseed,EUR/T,453.75,7.25,-1.57,-4.62,-6.3,-11.03,-12.1,T,19-Dec,12/19/2025 0:00,2025.0,12.0,19.0,2025-12-21,,,,
Agricultural,Rubber,USD Cents / Kg,175.3,0.7,-0.4,1.8,1.45,-11.2,-7.4,Kg,19-Dec,12/19/2025 0:00,2025.0,12.0,19.0,2025-12-21,,,,
Agricultural,Butter,EUR/T,4250.0,13.0,-0.3,2.09,-17.07,-41.79,-39.75,T,19-Dec,12/19/2025 0:00,2025.0,12.0,19.0,2025-12-21,,,,
Agricultural,Cotton,USd/Lbs,63.641,0.131,0.21,-0.3,3.18,-6.91,-6.56,Lbs,19-Dec,12/19/2025 0:00,2025.0,12.0,19.0,2025-12-21,,,,
Agricultural,Rice,USD/cwt,9.8,0.225,2.35,-0.61,-2.29,-30.12,-30.37,cwt,19-Dec,12/19/2025 0:00,2025.0,12.0,19.0,2025-12-21,9.8,,,
Agricultural,Oat,USd/Bu,297.254,0.004,0.0,3.94,-2.78,-10.06,-15.37,Bu,19-Dec,12/19/2025 0:00,2025.0,12.0,19.0,2025-12-21,,,,
Agricultural,Wool,AUD/100Kg,1541.0,0.0,0.0,-0.06,1.78,33.54,33.54,100Kg,19-Dec,12/19/2025 0:00,2025.0,12.0,19.0,2025-12-21,,,,
Agricultural,Sugar,USd/Lbs,14.85,0.37,2.56,-1.66,1.3,-23.02,-23.89,Lbs,19-Dec,12/19/2025 0:00,2025.0,12.0,19.0,2025-12-21,,,,
Agricultural,Cocoa,USD/T,5845.0,89.0,-1.5,-6.91,14.43,-49.19,-50.75,T,19-Dec,12/19/2025 0:00,2025.0,12.0,19.0,2025-12-21,5845.0,,,
Agricultural,Tea,INR/Kgs,185.75,3.66,-1.93,-1.93,-2.24,9.22,1.09,Kgs,13-Dec,12/13/2025 0:00,2025.0,12.0,13.0,2025-12-21,,,,
Agricultural,Milk,USD/CWT,15.77,0.02,-0.13,-0.76,-8.37,-15.71,-15.58,CWT,19-Dec,12/19/2025 0:00,2025.0,12.0,19.0,2025-12-21,15.77,,,
Agricultural,Canola,CAD/T,581.6,6.7,-1.14,-4.11,-10.55,-4.45,-4.45,T,19-Dec,12/19/2025 0:00,2025.0,12.0,19.0,2025-12-21,,,,
Energy,UK Gas,GBp/thm,75.5245,2.4245,3.32,3.12,-7.34,-39.77,-30.83,thm,19-Dec,12/19/2025 0:00,2025.0,12.0,19.0,2025-12-21,,,,
Energy,Methanol,CNY/T,2116.0,16.0,-0.75,2.37,7.03,-23.53,-19.67,T,19-Dec,12/19/2025 0:00,2025.0,12.0,19.0,2025-12-21,,,,
Livestock,Lean Hogs,USd/Lbs,84.5,0.375,0.45,-0.03,6.32,3.94,-1.66,Lbs,19-Dec,12/19/2025 0:00,2025.0,12.0,19.0,2025-12-21,,,,
Industrial,Polyvinyl,CNY/T,4400.0,32.0,-0.72,3.6,0.02,-10.68,-11.49,T,19-Dec,12/19/2025 0:00,2025.0,12.0,19.0,2025-12-21,,,,
Livestock,Eggs CH,CNY/T,3068.0,1.0,-0.03,-0.52,3.61,-12.87,-32.48,T,19-Dec,12/19/2025 0:00,2025.0,12.0,19.0,2025-12-21,,,,
Industrial,Magnesium,CNY/T,16600.0,50.0,0.3,0.3,-2.64,-2.35,-2.92,T,19-Dec,12/19/2025 0:00,2025.0,12.0,19.0,2025-12-21,,,,
Industrial,Lead,USD/T,1986.88,25.7,1.31,0.88,-1.23,1.79,0.04,T,19-Dec,12/19/2025 0:00,2025.0,12.0,19.0,2025-12-21,1986.88,,,
Industrial,Aluminum,USD/T,2958.9,42.8,1.47,2.85,5.2,15.97,16.35,T,19-Dec,12/19/2025 0:00,2025.0,12.0,19.0,2025-12-21,2958.9,,,
Industrial,Tin,USD/T,42927.0,652.0,1.54,2.82,16.17,47.6,51.16,T,18-Dec,12/18/2025 0:00,2025.0,12.0,18.0,2025-12-21,42927.0,,,
Industrial,Zinc,USD/T,3078.25,14.35,0.47,-1.67,2.23,3.35,3.47,T,19-Dec,12/19/2025 0:00,2025.0,12.0,19.0,2025-12-21,3078.25,,,
Industrial,Palladium,USD/t.oz,1750.5,12.5,0.72,15.7,26.62,96.91,93.85,t.oz,19-Dec,12/19/2025 0:00,2025.0,12.0,19.0,2025-12-21,1750.5,,,
Industrial,Rhodium,USD/t oz.,8050.0,0.0,0.0,1.26,0.63,75.96,75.96,t oz.,19-Dec,12/19/2025 0:00,2025.0,12.0,19.0,2025-12-21,8050.0,,,
Industrial,Phosphorus,CNY/T,1025.0,0.0,0.0,0.0,0.0,-4.63,-4.63,T,19-Dec,12/19/2025 0:00,2025.0,12.0,19.0,2025-12-21,,,,
Industrial,Molybdenum,CNY/Kg,450.5,5.0,-1.1,-1.1,-3.22,-3.94,-3.94,Kg,19-Dec,12/19/2025 0:00,2025.0,12.0,19.0,2025-12-21,,,,
Industrial,Nickel,USD/T,14900.0,270.0,1.85,1.92,3.08,-2.61,-2.93,T,19-Dec,12/19/2025 0:00,2025.0,12.0,19.0,2025-12-21,14900.0,,,
Industrial,Sulfur,CNY/T,3701.0,16.67,-0.45,-13.01,-0.8,118.0,115.89,T,19-Dec,12/19/2025 0:00,2025.0,12.0,19.0,2025-12-21,,,,
Industrial,Bitumen,CNY/T,2940.0,4.0,0.14,-0.78,-3.86,-20.3,-16.81,T,19-Dec,12/19/2025 0:00,2025.0,12.0,19.0,2025-12-21,,,,
Industrial,Urea,USD/T,377.0,0.5,-0.13,5.45,-0.26,11.7,16.9,T,18-Dec,12/18/2025 0:00,2025.0,12.0,18.0,2025-12-21,377.0,,,
Industrial,Gallium,CNY/Kg,1650.0,0.0,0.0,0.0,-0.9,-20.48,-25.84,Kg,19-Dec,12/19/2025 0:00,2025.0,12.0,19.0,2025-12-21,,,,
Industrial,Tellurium,CNY/Kg,740.0,0.0,0.0,-2.63,-1.33,14.73,14.73,Kg,19-Dec,12/19/2025 0:00,2025.0,12.0,19.0,2025-12-21,,,,
Industrial,Cobalt,USD/T,52790.0,0.0,0.0,0.0,8.69,117.24,117.24,T,18-Dec,12/18/2025 0:00,2025.0,12.0,18.0,2025-12-21,52790.0,,,
Industrial,Neodymium,CNY/T,715000.0,2500.0,-0.35,-1.04,0.0,43.86,43.57,T,19-Dec,12/19/2025 0:00,2025.0,12.0,19.0,2025-12-21,,,,
Industrial,Soda Ash,CNY/T,1258.0,0.0,0.0,0.0,2.78,-17.67,-18.21,T,19-Dec,12/19/2025 0:00,2025.0,12.0,19.0,2025-12-21,,,,
Industrial,Synthetic Rubber,CNY/T,11400.0,0.0,0.0,2.7,2.55,-23.53,-23.53,T,19-Dec,12/19/2025 0:00,2025.0,12.0,19.0,2025-12-21,,,,
Industrial,Polypropylene,CNY/T,6160.0,61.0,-0.98,0.2,-3.69,-16.51,-16.5,T,19-Dec,12/19/2025 0:00,2025.0,12.0,19.0,2025-12-21,,,,
Industrial,Polyethylene,CNY/T,6348.0,119.0,-1.84,-2.43,-6.84,-25.52,-24.62,T,19-Dec,12/19/2025 0:00,2025.0,12.0,19.0,2025-12-21,,,,
Industrial,Di-ammonium,USD/T,625.0,0.0,0.0,0.0,-6.02,8.23,9.27,T,18-Dec,12/18/2025 0:00,2025.0,12.0,18.0,2025-12-21,625.0,,,
Index,CRB Index,Index Points,369.47,2.41,0.66,-1.0,-0.55,3.55,5.29,,19-Dec,12/19/2025 0:00,2025.0,12.0,19.0,2025-12-21,,,,
Industrial,Manganese,CNY/mtu,30.25,0.0,0.0,0.0,1.34,5.22,5.22,mtu,19-Dec,12/19/2025 0:00,2025.0,12.0,19.0,2025-12-21,,,,
Agricultural,Potatoes,EUR/100KG,6.5,0.0,0.0,0.0,-12.16,-77.74,-77.97,100KG,19-Dec,12/19/2025 0:00,2025.0,12.0,19.0,2025-12-21,,,,
Industrial,Germanium,CNY/Kg,13600.0,0.0,0.0,-1.09,-2.51,-22.51,-23.38,Kg,19-Dec,12/19/2025 0:00,2025.0,12.0,19.0,2025-12-21,,,,
Industrial,Indium,CNY/Kg,2550.0,0.0,0.0,0.0,1.8,0.2,0.2,Kg,19-Dec,12/19/2025 0:00,2025.0,12.0,19.0,2025-12-21,,,,
Industrial,Kraft Pulp,CNY/T,5412.0,38.0,-0.7,12.99,12.14,-7.71,-6.07,T,19-Dec,12/19/2025 0:00,2025.0,12.0,19.0,2025-12-21,,,,
Livestock,Feeder Cattle,USd/Lbs,346.0336,5.7586,1.69,2.04,9.37,31.44,35.29,Lbs,19-Dec,12/19/2025 0:00,2025.0,12.0,19.0,2025-12-21,,,,
Livestock,Live Cattle,USd/Lbs,230.4,1.975,0.86,0.26,7.3,20.26,20.29,Lbs,19-Dec,12/19/2025 0:00,2025.0,12.0,19.0,2025-12-21,,,,
Energy,Crude Oil,USD/Bbl,56.52,0.52,0.93,-1.6,-4.2,-21.19,-18.63,Bbl,19-Dec,12/19/2025 0:00,2025.0,12.0,19.0,2025-12-21,56.52,,,
Livestock,Poultry,BRL/Kgs,8.1,0.0,0.0,-0.25,-0.25,-2.41,-1.94,Kgs,19-Dec,12/19/2025 0:00,2025.0,12.0,19.0,2025-12-21,,,,
Livestock,Eggs US,USD/Dozen,1.01,0.03,-2.94,-30.32,-54.72,-82.58,-77.71,Dozen,19-Dec,12/19/2025 0:00,2025.0,12.0,19.0,2025-12-21,1.01,,,
Livestock,Salmon,NOK/KG,75.79,7.38,-8.87,-8.87,4.91,-19.23,2.95,KG,12-Dec,12/12/2025 0:00,2025.0,12.0,12.0,2025-12-21,,,,
Livestock,Beef,BRL/15KG,318.0,0.0,0.0,-0.87,-1.38,0.19,0.92,15KG,19-Dec,12/19/2025 0:00,2025.0,12.0,19.0,2025-12-21,,,,
Agricultural,Corn,USd/BU,443.25,1.25,-0.28,0.57,3.93,-3.33,-0.67,BU,19-Dec,12/19/2025 0:00,2025.0,12.0,19.0,2025-12-21,,,,
Index,SSE Commodity Index,Index Points,8136.53,119.98,1.5,0.39,-1.94,3.3,0.93,,19-Dec,12/19/2025 0:00,2025.0,12.0,19.0,2025-12-21,,,,
Index,Containerized Freight Index,Points,1552.92,46.45,3.08,3.08,7.0,-36.88,-35.03,,19-Dec,12/19/2025 0:00,2025.0,12.0,19.0,2025-12-21,,,,
Electricity,Germany,EUR/MWh,92.68,0.0,0.0,-4.34,-7.88,-19.92,-12.23,MWh,19-Dec,12/19/2025 0:00,2025.0,12.0,19.0,2025-12-21,,,,
Electricity,France,EUR/MWh,50.91,0.57,1.13,2.39,-2.19,-27.12,-29.19,MWh,19-Dec,12/19/2025 0:00,2025.0,12.0,19.0,2025-12-21,,,,
Index,EU Carbon Permits,EUR,87.05,0.57,0.66,3.89,6.99,19.25,27.64,,19-Dec,12/19/2025 0:00,2025.0,12.0,19.0,2025-12-21,,,,
Index,Wind Energy Index,USD,20.4,0.16,0.79,-0.05,5.32,37.84,36.45,,19-Dec,12/19/2025 0:00,2025.0,12.0,19.0,2025-12-21,20.4,,,
Index,Nuclear Energy Index,USD,46.15,1.75,3.94,-0.09,9.75,72.39,65.95,,19-Dec,12/19/2025 0:00,2025.0,12.0,19.0,2025-12-21,46.15,,,
Index,Solar Energy Index,USD,49.01,0.95,1.98,2.55,7.64,45.47,45.65,,19-Dec,12/19/2025 0:00,2025.0,12.0,19.0,2025-12-21,49.01,,,
Electricity,United Kingdom,GBP/MWh,85.57,2.12,2.54,4.35,2.79,-16.48,-8.53,MWh,19-Dec,12/19/2025 0:00,2025.0,12.0,19.0,2025-12-21,,,,
Index,GSCI,Index Points,542.2,3.29,0.61,-0.61,-1.64,-1.35,0.58,,19-Dec,12/19/2025 0:00,2025.0,12.0,19.0,2025-12-21,,,,
Energy,Ethanol,USD/Gal,1.59,0.0,0.0,0.95,-7.02,-5.92,-3.34,Gal,Dec/26,2025-12-26,2025.0,12.0,26.0,2025-12-28,1.59,,,
Energy,Brent,USD/Bbl,60.64,1.624,-2.61,0.28,-3.04,-18.76,-17.82,Bbl,Dec/26,2025-12-26,2025.0,12.0,26.0,2025-12-28,60.64,,,
Energy,Natural gas,USD/MMBtu,4.366,0.0868,2.03,9.59,-5.68,20.18,29.06,MMBtu,Dec/26,2025-12-26,2025.0,12.0,26.0,2025-12-28,4.366,,,
Electricity,Spain,EUR/MWh,89.2,40.5,83.16,-13.2,3.7,-34.34,-33.23,MWh,Dec/26,2025-12-26,2025.0,12.0,26.0,2025-12-28,,,,
Metals,Platinum,USD/t.oz,2507.7,246.6,10.91,24.87,54.95,180.5,172.78,t.oz,Dec/26,2025-12-26,2025.0,12.0,26.0,2025-12-28,2507.7,,,
Energy,Coal,USD/T,109.0,3.1,2.93,0.37,-1.93,-12.97,-12.8,T,Dec/24,2025-12-24,2025.0,12.0,24.0,2025-12-28,109.0,,,
Energy,TTF Gas,EUR/MWh,28.07,0.03,-0.09,-0.33,-3.82,-44.37,-41.25,MWh,Dec/26,2025-12-26,2025.0,12.0,26.0,2025-12-28,,,,
Energy,Heating Oil,USD/Gal,2.1121,0.0455,-2.11,-0.46,-9.51,-8.85,-5.91,Gal,Dec/26,2025-12-26,2025.0,12.0,26.0,2025-12-28,2.1121,,,
Energy,Gasoline,USD/Gal,1.6981,0.052,-2.97,-0.76,-8.59,-15.62,-12.87,Gal,Dec/26,2025-12-26,2025.0,12.0,26.0,2025-12-28,1.6981,,,
Energy,Naphtha,USD/T,502.39,3.82,-0.75,0.12,-4.89,-17.84,-17.58,T,Dec/24,2025-12-24,2025.0,12.0,24.0,2025-12-28,502.39,,,
Agricultural,Butter,EUR/T,4188.0,0.0,0.0,-0.33,-18.31,-42.64,-41.06,T,Dec/24,2025-12-24,2025.0,12.0,24.0,2025-12-28,,,,
Energy,Propane,USD/Gal,0.67,0.0,0.17,0.62,3.99,-13.45,-12.9,Gal,Dec/24,2025-12-24,2025.0,12.0,24.0,2025-12-28,0.67,,,
Energy,Methanol,CNY/T,2130.0,1.0,0.05,0.66,2.75,-23.02,-20.22,T,Dec/26,2025-12-26,2025.0,12.0,26.0,2025-12-28,,,,
Energy,Coking Coal,USD/T,218.0,0.0,0.0,0.69,10.38,7.92,8.19,T,Dec/26,2025-12-26,2025.0,12.0,26.0,2025-12-28,218.0,,,
Energy,German Gas,EUR/MWh,29.67,0.0,0.0,-0.1,-3.27,-40.5,-39.62,MWh,Dec/26,2025-12-26,2025.0,12.0,26.0,2025-12-28,,,,
Energy,Urals Oil,USD/Bbl,51.91,1.17,2.31,3.16,-3.48,-24.23,-23.32,Bbl,Dec/24,2025-12-24,2025.0,12.0,24.0,2025-12-28,51.91,,,
Metals,Gold,USD/t.oz,4532.18,51.34,1.15,4.36,8.96,72.7,72.95,t.oz,Dec/26,2025-12-26,2025.0,12.0,26.0,2025-12-28,4532.18,,,
Metals,Silver,USD/t.oz,79.11,4.4,5.89,17.83,48.09,173.94,169.63,t.oz,Dec/26,2025-12-26,2025.0,12.0,26.0,2025-12-28,79.11,,,
Metals,Copper,USD/Lbs,5.7744,0.1661,2.96,6.71,13.73,45.09,41.67,Lbs,Dec/26,2025-12-26,2025.0,12.0,26.0,2025-12-28,5.7744,,,
Metals,Steel,CNY/T,3091.0,23.0,0.75,0.72,-0.06,-6.62,-5.45,T,Dec/26,2025-12-26,2025.0,12.0,26.0,2025-12-28,,,,
Agricultural,Cotton,USd/Lbs,64.458,0.255,0.4,1.11,2.46,-5.72,-6.3,Lbs,Dec/26,2025-12-26,2025.0,12.0,26.0,2025-12-28,,,,
Metals,Lithium,CNY/T,111900.0,7000.0,6.67,14.59,19.94,49.1,48.11,T,Dec/26,2025-12-26,2025.0,12.0,26.0,2025-12-28,,,,
Energy,UK Gas,GBp/thm,73.8216,0.1584,-0.21,-1.43,-3.46,-41.13,-38.25,thm,Dec/26,2025-12-26,2025.0,12.0,26.0,2025-12-28,,,,
Agricultural,Coffee,USd/Lbs,348.37,3.22,0.93,2.27,-15.65,8.7,8.27,Lbs,Dec/26,2025-12-26,2025.0,12.0,26.0,2025-12-28,,,,
Metals,Silicon,CNY/T,8790.0,40.0,0.46,1.68,-3.03,-22.21,-23.0,T,Dec/26,2025-12-26,2025.0,12.0,26.0,2025-12-28,,,,
Energy,Uranium,USD/Lbs,81.4,0.15,0.18,1.43,6.47,11.51,15.71,Lbs,Dec/26,2025-12-26,2025.0,12.0,26.0,2025-12-28,81.4,,,
Agricultural,Rubber,USD Cents / Kg,179.8,2.2,1.24,2.57,3.87,-8.92,-7.27,Kg,Dec/26,2025-12-26,2025.0,12.0,26.0,2025-12-28,,,,
Metals,Scrap Steel,USD/T,370.0,5.0,1.37,0.54,3.35,,2.92,T,Dec/24,2025-12-24,2025.0,12.0,24.0,2025-12-28,370.0,,,
Metals,Titanium,CNY/KG,46.0,0.0,0.0,0.0,1.1,3.37,3.37,KG,Dec/26,2025-12-26,2025.0,12.0,26.0,2025-12-28,,,,
Agricultural,Soybeans,USd/Bu,1058.75,4.06,-0.38,0.91,-6.46,6.06,8.04,Bu,Dec/26,2025-12-26,2025.0,12.0,26.0,2025-12-28,,,,
Agricultural,Wheat,USd/Bu,518.0,4.45,-0.85,1.62,-0.77,-6.07,-5.22,Bu,Dec/26,2025-12-26,2025.0,12.0,26.0,2025-12-28,,,,
Agricultural,Lumber,USD/1000 board feet,550.07,0.05,0.01,-1.24,1.12,0.0,-2.48,1000 board feet,Dec/26,2025-12-26,2025.0,12.0,26.0,2025-12-28,550.07,,,
Agricultural,Palm Oil,MYR/T,4087.0,52.0,1.29,4.63,-0.05,-8.03,-11.63,T,Dec/26,2025-12-26,2025.0,12.0,26.0,2025-12-28,,,,
Metals,Iron Ore,USD/T,106.99,0.05,0.05,0.07,2.05,3.26,2.97,T,Dec/26,2025-12-26,2025.0,12.0,26.0,2025-12-28,106.99,,,
Agricultural,Cheese,USD/Lbs,1.525,0.0019,0.12,0.26,-0.65,-19.78,-18.97,Lbs,Dec/26,2025-12-26,2025.0,12.0,26.0,2025-12-28,1.525,,,
Metals,Iron Ore CNY,CNY/T,783.0,7.0,0.9,0.51,-0.7,0.51,2.82,T,Dec/26,2025-12-26,2025.0,12.0,26.0,2025-12-28,,,,
Agricultural,Milk,USD/CWT,15.86,0.05,-0.31,0.57,-7.79,-15.23,-15.14,CWT,Dec/26,2025-12-26,2025.0,12.0,26.0,2025-12-28,15.86,,,
Agricultural,Wool,AUD/100Kg,1541.0,0.0,0.0,0.0,2.46,33.54,33.54,100Kg,Dec/26,2025-12-26,2025.0,12.0,26.0,2025-12-28,,,,
Agricultural,Rice,USD/cwt,9.765,0.15,-1.51,-0.2,-3.75,-30.37,-29.03,cwt,Dec/26,2025-12-26,2025.0,12.0,26.0,2025-12-28,9.765,,,
Agricultural,Canola,CAD/T,598.81,0.29,-0.05,2.96,-8.1,-1.63,-4.15,T,Dec/26,2025-12-26,2025.0,12.0,26.0,2025-12-28,,,,
Agricultural,Oat,USd/Bu,307.255,3.4811,1.15,3.11,4.24,-7.03,-3.38,Bu,Dec/26,2025-12-26,2025.0,12.0,26.0,2025-12-28,,,,
Agricultural,Sugar,USd/Lbs,15.18,0.11,-0.73,2.42,-0.21,-21.32,-21.6,Lbs,Dec/26,2025-12-26,2025.0,12.0,26.0,2025-12-28,,,,
Agricultural,Cocoa,USD/T,5953.0,30.22,-0.51,1.85,17.46,-48.25,-39.68,T,Dec/26,2025-12-26,2025.0,12.0,26.0,2025-12-28,5953.0,,,
Agricultural,Tea,INR/Kgs,185.75,3.66,-1.93,-1.93,-2.24,9.22,1.09,Kgs,Dec/13,2025-12-13,2025.0,12.0,13.0,2025-12-28,,,,
Agricultural,Sunflower Oil,INR/10 kg,1431.4,0.6,0.04,0.03,2.15,12.85,12.62,10 kg,Dec/26,2025-12-26,2025.0,12.0,26.0,2025-12-28,,,,
Agricultural,Rapeseed,EUR/T,449.79,0.23,-0.05,-0.98,-6.92,-11.81,-13.04,T,Dec/26,2025-12-26,2025.0,12.0,26.0,2025-12-28,,,,
Agricultural,Orange Juice,USd/Lbs,202.25,7.24,-3.46,2.09,34.78,-59.35,-59.99,Lbs,Dec/26,2025-12-26,2025.0,12.0,26.0,2025-12-28,,,,
Metals,HRC Steel,USD/T,906.0,0.0,0.0,-0.11,0.55,27.79,24.11,T,Dec/26,2025-12-26,2025.0,12.0,26.0,2025-12-28,906.0,,,
Agricultural,Barley,INR/T,2299.5,19.5,0.86,0.41,-0.39,-5.16,-4.64,T,Dec/26,2025-12-26,2025.0,12.0,26.0,2025-12-28,,,,
Industrial,Gallium,CNY/Kg,1650.0,0.0,0.0,0.0,-0.9,-20.48,-22.35,Kg,Dec/26,2025-12-26,2025.0,12.0,26.0,2025-12-28,,,,
Electricity,Italy,EUR/MWh,107.28,0.51,0.48,-9.93,-11.0,-22.13,-19.05,MWh,Dec/26,2025-12-26,2025.0,12.0,26.0,2025-12-28,,,,
Industrial,Polyvinyl,CNY/T,4473.0,20.0,0.45,1.66,0.38,-9.2,-10.05,T,Dec/26,2025-12-26,2025.0,12.0,26.0,2025-12-28,,,,
Industrial,Magnesium,CNY/T,16650.0,50.0,-0.3,0.3,-2.63,-2.06,-2.06,T,Dec/26,2025-12-26,2025.0,12.0,26.0,2025-12-28,,,,
Industrial,Aluminum,USD/T,2956.95,9.5,0.32,1.88,5.16,15.89,15.51,T,Dec/24,2025-12-24,2025.0,12.0,24.0,2025-12-28,2956.95,,,
Industrial,Tin,USD/T,42815.0,23.0,0.05,1.28,14.03,47.22,48.61,T,Dec/24,2025-12-24,2025.0,12.0,24.0,2025-12-28,42815.0,,,
Industrial,Zinc,USD/T,3090.8,9.5,-0.31,0.84,2.89,3.77,1.64,T,Dec/24,2025-12-24,2025.0,12.0,24.0,2025-12-28,3090.8,,,
Industrial,Nickel,USD/T,15660.0,0.0,0.0,5.1,5.53,2.35,2.32,T,Dec/26,2025-12-26,2025.0,12.0,26.0,2025-12-28,15660.0,,,
Industrial,Molybdenum,CNY/Kg,450.5,0.0,0.0,0.0,-1.1,-3.94,-3.94,Kg,Dec/26,2025-12-26,2025.0,12.0,26.0,2025-12-28,,,,
Industrial,Palladium,USD/t.oz,2020.0,253.5,14.35,15.4,40.77,127.22,125.82,t.oz,Dec/26,2025-12-26,2025.0,12.0,26.0,2025-12-28,2020.0,,,
Agricultural,Potatoes,EUR/100KG,6.5,0.0,0.0,0.0,-13.33,-77.74,-77.74,100KG,Dec/24,2025-12-24,2025.0,12.0,24.0,2025-12-28,,,,
Industrial,Phosphorus,CNY/T,1025.0,0.0,0.0,0.0,0.0,-4.63,-4.63,T,Dec/26,2025-12-26,2025.0,12.0,26.0,2025-12-28,,,,
Industrial,Polyethylene,CNY/T,6294.0,23.0,-0.36,-0.85,-6.27,-26.15,-25.73,T,Dec/26,2025-12-26,2025.0,12.0,26.0,2025-12-28,,,,
Industrial,Lead,USD/T,1998.78,11.83,0.6,2.02,0.87,2.4,1.56,T,Dec/24,2025-12-24,2025.0,12.0,24.0,2025-12-28,1998.78,,,
Industrial,Polypropylene,CNY/T,6153.0,30.0,-0.49,-0.11,-2.16,-16.6,-16.56,T,Dec/26,2025-12-26,2025.0,12.0,26.0,2025-12-28,,,,
Industrial,Tellurium,CNY/Kg,740.0,0.0,0.0,0.0,-1.33,14.73,14.73,Kg,Dec/26,2025-12-26,2025.0,12.0,26.0,2025-12-28,,,,
Industrial,Synthetic Rubber,CNY/T,11450.0,0.0,0.0,0.44,3.85,-23.2,-23.2,T,Dec/26,2025-12-26,2025.0,12.0,26.0,2025-12-28,,,,
Energy,Crude Oil,USD/Bbl,56.74,1.663,-2.85,0.39,-3.26,-20.89,-19.63,Bbl,Dec/26,2025-12-26,2025.0,12.0,26.0,2025-12-28,56.74,,,
Industrial,Di-ammonium,USD/T,625.0,0.0,0.0,0.0,-2.34,8.23,8.23,T,Dec/26,2025-12-26,2025.0,12.0,26.0,2025-12-28,625.0,,,
Industrial,Urea,USD/T,384.0,0.0,0.0,-1.03,5.93,13.78,13.78,T,Dec/26,2025-12-26,2025.0,12.0,26.0,2025-12-28,384.0,,,
Industrial,Bitumen,CNY/T,2992.0,17.0,-0.57,1.77,0.57,-18.89,-15.91,T,Dec/26,2025-12-26,2025.0,12.0,26.0,2025-12-28,,,,
Industrial,Sulfur,CNY/T,3674.33,53.33,1.47,-0.72,-4.26,116.43,114.33,T,Dec/26,2025-12-26,2025.0,12.0,26.0,2025-12-28,,,,
Industrial,Neodymium,CNY/T,732500.0,5000.0,-0.68,2.45,4.34,47.38,47.09,T,Dec/26,2025-12-26,2025.0,12.0,26.0,2025-12-28,,,,
Industrial,Rhodium,USD/t oz.,8275.0,25.0,0.3,2.8,4.42,80.87,80.87,t oz.,Dec/26,2025-12-26,2025.0,12.0,26.0,2025-12-28,8275.0,,,
Livestock,Salmon,NOK/KG,75.79,7.38,-8.87,-8.87,4.91,-19.23,2.95,KG,Dec/12,2025-12-12,2025.0,12.0,12.0,2025-12-28,,,,
Industrial,Soda Ash,CNY/T,1250.0,0.0,0.0,-0.64,2.12,-18.19,-18.73,T,Dec/26,2025-12-26,2025.0,12.0,26.0,2025-12-28,,,,
Industrial,Cobalt,USD/T,52790.0,0.0,0.0,0.0,8.69,117.24,117.24,T,Dec/24,2025-12-24,2025.0,12.0,24.0,2025-12-28,52790.0,,,
Agricultural,Corn,USd/BU,449.537,1.1168,-0.25,1.3,4.06,-1.95,-0.98,BU,Dec/26,2025-12-26,2025.0,12.0,26.0,2025-12-28,,,,
Index,GSCI,Index Points,550.4,0.0,0.0,1.51,-0.86,0.14,1.34,,Dec/26,2025-12-26,2025.0,12.0,26.0,2025-12-28,,,,
Industrial,Indium,CNY/Kg,2620.0,0.0,0.0,2.75,4.59,2.95,2.95,Kg,Dec/26,2025-12-26,2025.0,12.0,26.0,2025-12-28,,,,
Industrial,Kraft Pulp,CNY/T,5544.0,12.0,0.22,2.44,18.46,-5.46,-5.97,T,Dec/26,2025-12-26,2025.0,12.0,26.0,2025-12-28,,,,
Livestock,Feeder Cattle,USd/Lbs,346.159,1.2262,0.36,0.16,6.85,31.49,32.37,Lbs,Dec/26,2025-12-26,2025.0,12.0,26.0,2025-12-28,,,,
Livestock,Live Cattle,USd/Lbs,229.8,1.1,0.48,-0.26,6.6,19.94,18.76,Lbs,Dec/26,2025-12-26,2025.0,12.0,26.0,2025-12-28,,,,
Livestock,Lean Hogs,USd/Lbs,84.525,0.5624,-0.66,0.03,4.87,3.97,0.45,Lbs,Dec/26,2025-12-26,2025.0,12.0,26.0,2025-12-28,,,,
Livestock,Poultry,BRL/Kgs,8.12,0.0,0.0,0.25,0.0,-2.17,-2.17,Kgs,Dec/26,2025-12-26,2025.0,12.0,26.0,2025-12-28,,,,
Livestock,Eggs US,USD/Dozen,0.73,0.16,-17.45,-27.51,-68.04,-87.38,-86.83,Dozen,Dec/26,2025-12-26,2025.0,12.0,26.0,2025-12-28,0.73,,,
Livestock,Eggs CH,CNY/T,3089.0,5.0,0.16,0.68,-5.51,-12.27,-14.81,T,Dec/26,2025-12-26,2025.0,12.0,26.0,2025-12-28,,,,
Industrial,Germanium,CNY/Kg,13600.0,0.0,0.0,0.0,-2.16,-22.51,-22.51,Kg,Dec/26,2025-12-26,2025.0,12.0,26.0,2025-12-28,,,,
Livestock,Beef,BRL/15KG,319.5,0.0,0.0,0.47,-0.56,0.66,0.36,15KG,Dec/26,2025-12-26,2025.0,12.0,26.0,2025-12-28,,,,
Industrial,Manganese,CNY/mtu,30.25,0.0,0.0,0.0,1.34,5.22,5.22,mtu,Dec/26,2025-12-26,2025.0,12.0,26.0,2025-12-28,,,,
Index,Containerized Freight Index,Points,1656.32,103.4,6.66,6.66,18.86,-32.68,-32.68,,Dec/26,2025-12-26,2025.0,12.0,26.0,2025-12-28,,,,
Index,EU Carbon Permits,EUR,88.01,0.53,-0.6,1.39,7.5,20.56,22.99,,Dec/24,2025-12-24,2025.0,12.0,24.0,2025-12-28,,,,
Index,CRB Index,Index Points,376.4,1.16,-0.31,1.88,-0.07,5.49,7.42,,Dec/26,2025-12-26,2025.0,12.0,26.0,2025-12-28,,,,
Index,Wind Energy Index,USD,20.48,0.07,-0.34,0.39,3.07,38.38,37.45,,Dec/26,2025-12-26,2025.0,12.0,26.0,2025-12-28,20.48,,,
Index,Nuclear Energy Index,USD,45.88,0.42,-0.91,-0.59,1.98,71.39,62.12,,Dec/26,2025-12-26,2025.0,12.0,26.0,2025-12-28,45.88,,,
Index,Solar Energy Index,USD,50.05,0.05,0.1,2.12,1.69,48.56,48.65,,Dec/26,2025-12-26,2025.0,12.0,26.0,2025-12-28,50.05,,,
Electricity,United Kingdom,GBP/MWh,85.47,0.98,1.16,4.49,7.86,-16.57,-14.62,MWh,Dec/24,2025-12-24,2025.0,12.0,24.0,2025-12-28,,,,
Electricity,Germany,EUR/MWh,93.05,0.0,0.0,0.22,-8.08,-19.6,-12.68,MWh,Dec/26,2025-12-26,2025.0,12.0,26.0,2025-12-28,,,,
Electricity,France,EUR/MWh,50.96,0.21,0.41,2.58,0.89,-27.04,-34.16,MWh,Dec/23,2025-12-23,2025.0,12.0,23.0,2025-12-28,,,,
Index,SSE Commodity Index,Index Points,8165.92,48.34,0.6,0.36,-0.37,3.67,2.19,,Dec/26,2025-12-26,2025.0,12.0,26.0,2025-12-28,,,,
Industrial,Polyvinyl,CNY/T,4521.0,48.0,1.07,4.46,0.07,-8.22,-9.18,T,Dec/29,2025-12-29 00:00:00,2025.0,12.0,29.0,2025-12-29,,Polyvinyl_CNY_2025-12-29 00:00:00,Dec/29,CNY
Industrial,Urea,USD/T,384.0,0.0,0.0,-1.03,5.93,13.78,13.78,T,Dec/26,2025-12-26 00:00:00,2025.0,12.0,26.0,2025-12-29,384.0,Urea_USD_2025-12-26 00:00:00,Dec/26,USD
Industrial,Tellurium,CNY/Kg,740.0,0.0,0.0,0.0,-1.99,14.73,14.73,Kg,Dec/29,2025-12-29 00:00:00,2025.0,12.0,29.0,2025-12-29,,Tellurium_CNY_2025-12-29 00:00:00,Dec/29,CNY
Industrial,Polypropylene,CNY/T,6200.0,47.0,0.76,2.01,-3.2,-15.97,-15.82,T,Dec/29,2025-12-29 00:00:00,2025.0,12.0,29.0,2025-12-29,,Polypropylene_CNY_2025-12-29 00:00:00,Dec/29,CNY
Industrial,Di-ammonium,USD/T,625.0,0.0,0.0,0.0,-2.34,8.23,8.23,T,Dec/26,2025-12-26 00:00:00,2025.0,12.0,26.0,2025-12-29,625.0,Di-ammonium_USD_2025-12-26 00:00:00,Dec/26,USD
Industrial,Soda Ash,CNY/T,1250.0,0.0,0.0,-0.64,-0.16,-18.19,-18.73,T,Dec/29,2025-12-29 00:00:00,2025.0,12.0,29.0,2025-12-29,,Soda Ash_CNY_2025-12-29 00:00:00,Dec/29,CNY
Industrial,Synthetic Rubber,CNY/T,11466.67,16.67,0.15,0.58,4.01,-23.09,-23.09,T,Dec/29,2025-12-29 00:00:00,2025.0,12.0,29.0,2025-12-29,,Synthetic Rubber_CNY_2025-12-29 00:00:00,Dec/29,CNY
Industrial,Neodymium,CNY/T,752500.0,20000.0,2.73,3.44,1.35,51.41,51.1,T,Dec/29,2025-12-29 00:00:00,2025.0,12.0,29.0,2025-12-29,,Neodymium_CNY_2025-12-29 00:00:00,Dec/29,CNY
Industrial,Sulfur,CNY/T,3657.67,16.66,-0.45,0.18,-5.43,115.45,115.03,T,Dec/29,2025-12-29 00:00:00,2025.0,12.0,29.0,2025-12-29,,Sulfur_CNY_2025-12-29 00:00:00,Dec/29,CNY
Industrial,Polyethylene,CNY/T,6329.0,35.0,0.56,1.39,-6.91,-25.74,-25.37,T,Dec/29,2025-12-29 00:00:00,2025.0,12.0,29.0,2025-12-29,,Polyethylene_CNY_2025-12-29 00:00:00,Dec/29,CNY
Industrial,Phosphorus,CNY/T,1025.0,0.0,0.0,0.0,0.0,-4.63,-4.63,T,Dec/29,2025-12-29 00:00:00,2025.0,12.0,29.0,2025-12-29,,Phosphorus_CNY_2025-12-29 00:00:00,Dec/29,CNY
Industrial,Rhodium,USD/t oz.,8925.0,650.0,7.86,9.85,10.87,95.08,95.08,t oz.,Dec/29,2025-12-29 00:00:00,2025.0,12.0,29.0,2025-12-29,8925.0,Rhodium_USD_2025-12-29 00:00:00,Dec/29,USD
Agricultural,Barley,INR/T,2299.5,19.5,0.86,0.41,-0.39,-5.16,-4.64,T,Dec/26,2025-12-26 00:00:00,2025.0,12.0,26.0,2025-12-29,,Barley_INR_2025-12-26 00:00:00,Dec/26,INR
Industrial,Molybdenum,CNY/Kg,450.5,0.0,0.0,0.0,-1.1,-3.94,-3.94,Kg,Dec/29,2025-12-29 00:00:00,2025.0,12.0,29.0,2025-12-29,,Molybdenum_CNY_2025-12-29 00:00:00,Dec/29,CNY
Industrial,Zinc,USD/T,3087.48,3.32,-0.11,0.23,-0.45,3.66,2.27,T,Dec/29,2025-12-29 00:00:00,2025.0,12.0,29.0,2025-12-29,3087.48,Zinc_USD_2025-12-29 00:00:00,Dec/29,USD
Industrial,Tin,USD/T,42815.0,23.0,0.05,1.28,14.03,47.22,48.61,T,Dec/24,2025-12-24 00:00:00,2025.0,12.0,24.0,2025-12-29,42815.0,Tin_USD_2025-12-24 00:00:00,Dec/24,USD
Industrial,Aluminum,USD/T,2951.15,5.8,-0.2,0.28,2.03,15.66,15.69,T,Dec/29,2025-12-29 00:00:00,2025.0,12.0,29.0,2025-12-29,2951.15,Aluminum_USD_2025-12-29 00:00:00,Dec/29,USD
Industrial,Lead,USD/T,2007.98,9.2,0.46,1.88,0.32,2.87,3.11,T,Dec/29,2025-12-29 00:00:00,2025.0,12.0,29.0,2025-12-29,2007.98,Lead_USD_2025-12-29 00:00:00,Dec/29,USD
Industrial,Cobalt,USD/T,52790.0,0.0,0.0,0.0,8.69,117.24,117.24,T,Dec/24,2025-12-24 00:00:00,2025.0,12.0,24.0,2025-12-29,52790.0,Cobalt_USD_2025-12-24 00:00:00,Dec/24,USD
Industrial,Bitumen,CNY/T,3029.0,37.0,1.24,1.24,2.26,-17.89,-16.42,T,Dec/29,2025-12-29 00:00:00,2025.0,12.0,29.0,2025-12-29,,Bitumen_CNY_2025-12-29 00:00:00,Dec/29,CNY
Industrial,Magnesium,CNY/T,16650.0,0.0,0.0,0.0,-2.06,-2.06,-2.06,T,Dec/29,2025-12-29 00:00:00,2025.0,12.0,29.0,2025-12-29,,Magnesium_CNY_2025-12-29 00:00:00,Dec/29,CNY
Industrial,Nickel,USD/T,15760.0,100.0,0.64,3.28,5.95,3.01,1.74,T,Dec/29,2025-12-29 00:00:00,2025.0,12.0,29.0,2025-12-29,15760.0,Nickel_USD_2025-12-29 00:00:00,Dec/29,USD
Electricity,France,EUR/MWh,50.83,0.13,-0.26,2.31,0.63,-27.23,-34.33,MWh,Dec/29,2025-12-29 00:00:00,2025.0,12.0,29.0,2025-12-29,,France_EUR_2025-12-29 00:00:00,Dec/29,EUR
Livestock,Poultry,BRL/Kgs,8.12,0.0,0.0,0.25,0.0,-2.17,-2.17,Kgs,Dec/26,2025-12-26 00:00:00,2025.0,12.0,26.0,2025-12-29,,Poultry_BRL_2025-12-26 00:00:00,Dec/26,BRL
Electricity,Germany,EUR/MWh,93.05,0.0,0.0,0.22,-8.08,-19.6,-12.68,MWh,Dec/26,2025-12-26 00:00:00,2025.0,12.0,26.0,2025-12-29,,Germany_EUR_2025-12-26 00:00:00,Dec/26,EUR
Metals,Iron Ore,USD/T,107.08,0.09,0.08,0.13,0.13,3.35,3.18,T,Dec/29,2025-12-29 00:00:00,2025.0,12.0,29.0,2025-12-29,107.08,Iron Ore_USD_2025-12-29 00:00:00,Dec/29,USD
Electricity,United Kingdom,GBP/MWh,85.47,0.98,1.16,4.49,7.86,-16.57,-14.62,MWh,Dec/24,2025-12-24 00:00:00,2025.0,12.0,24.0,2025-12-29,,United Kingdom_GBP_2025-12-24 00:00:00,Dec/24,GBP
Index,Solar Energy Index,USD,50.12,0.07,0.14,-2.66,5.16,48.77,51.28,,Dec/29,2025-12-29 00:00:00,2025.0,12.0,29.0,2025-12-29,50.12,Solar Energy Index_USD_2025-12-29 00:00:00,Dec/29,USD
Index,Nuclear Energy Index,USD,45.8,0.08,-0.17,-1.02,4.09,71.09,71.79,,Dec/29,2025-12-29 00:00:00,2025.0,12.0,29.0,2025-12-29,45.8,Nuclear Energy Index_USD_2025-12-29 00:00:00,Dec/29,USD
Index,Wind Energy Index,USD,20.51,0.03,0.15,0.59,4.11,38.58,38.49,,Dec/29,2025-12-29 00:00:00,2025.0,12.0,29.0,2025-12-29,20.51,Wind Energy Index_USD_2025-12-29 00:00:00,Dec/29,USD
Index,EU Carbon Permits,EUR,88.01,0.53,-0.6,1.39,7.5,20.56,22.99,,Dec/24,2025-12-24 00:00:00,2025.0,12.0,24.0,2025-12-29,,EU Carbon Permits_EUR_2025-12-24 00:00:00,Dec/24,EUR
Index,Containerized Freight Index,Points,1656.32,0.0,0.0,6.66,18.04,-32.68,-32.68,,Dec/29,2025-12-29 00:00:00,2025.0,12.0,29.0,2025-12-29,,Containerized Freight Index_Points_2025-12-29 00:00:00,Dec/29,Points
Index,SSE Commodity Index,Index Points,8077.85,88.06,-1.08,-1.07,-2.22,2.55,1.34,,Dec/29,2025-12-29 00:00:00,2025.0,12.0,29.0,2025-12-29,,SSE Commodity Index_Index Points_2025-12-29 00:00:00,Dec/29,Index Points
Index,GSCI,Index Points,551.31,0.91,0.17,0.32,-1.28,0.3,0.62,,Dec/29,2025-12-29 00:00:00,2025.0,12.0,29.0,2025-12-29,,GSCI_Index Points_2025-12-29 00:00:00,Dec/29,Index Points
Industrial,Gallium,CNY/Kg,1650.0,0.0,0.0,0.0,0.0,-20.48,-20.48,Kg,Dec/29,2025-12-29 00:00:00,2025.0,12.0,29.0,2025-12-29,,Gallium_CNY_2025-12-29 00:00:00,Dec/29,CNY
Livestock,Eggs CH,CNY/T,2939.0,150.0,-4.86,-3.89,-9.23,-16.53,-17.88,T,Dec/29,2025-12-29 00:00:00,2025.0,12.0,29.0,2025-12-29,,Eggs CH_CNY_2025-12-29 00:00:00,Dec/29,CNY
Index,CRB Index,Index Points,376.4,1.16,-0.31,1.88,-0.07,5.49,7.42,,Dec/26,2025-12-26 00:00:00,2025.0,12.0,26.0,2025-12-29,,CRB Index_Index Points_2025-12-26 00:00:00,Dec/26,Index Points
Livestock,Eggs US,USD/Dozen,0.72,0.01,-1.36,-26.76,-67.9,-87.55,-87.55,Dozen,Dec/29,2025-12-29 00:00:00,2025.0,12.0,29.0,2025-12-29,0.72,Eggs US_USD_2025-12-29 00:00:00,Dec/29,USD
Livestock,Beef,BRL/15KG,319.5,0.0,0.0,0.47,-0.56,0.66,0.36,15KG,Dec/26,2025-12-26 00:00:00,2025.0,12.0,26.0,2025-12-29,,Beef_BRL_2025-12-26 00:00:00,Dec/26,BRL
Livestock,Lean Hogs,USd/Lbs,84.55,0.025,0.03,-0.94,5.39,4.0,3.58,Lbs,Dec/29,2025-12-29 00:00:00,2025.0,12.0,29.0,2025-12-29,,Lean Hogs_USd_2025-12-29 00:00:00,Dec/29,USd
Livestock,Live Cattle,USd/Lbs,229.175,0.65,-0.28,-0.67,6.99,19.62,18.09,Lbs,Dec/29,2025-12-29 00:00:00,2025.0,12.0,29.0,2025-12-29,,Live Cattle_USd_2025-12-29 00:00:00,Dec/29,USd
Livestock,Feeder Cattle,USd/Lbs,347.325,1.15,0.33,0.24,8.18,31.93,32.71,Lbs,Dec/29,2025-12-29 00:00:00,2025.0,12.0,29.0,2025-12-29,,Feeder Cattle_USd_2025-12-29 00:00:00,Dec/29,USd
Industrial,Kraft Pulp,CNY/T,5502.0,42.0,-0.76,-0.16,17.56,-6.17,-6.4,T,Dec/29,2025-12-29 00:00:00,2025.0,12.0,29.0,2025-12-29,,Kraft Pulp_CNY_2025-12-29 00:00:00,Dec/29,CNY
Industrial,Indium,CNY/Kg,2620.0,0.0,0.0,2.75,4.59,2.95,2.95,Kg,Dec/29,2025-12-29 00:00:00,2025.0,12.0,29.0,2025-12-29,,Indium_CNY_2025-12-29 00:00:00,Dec/29,CNY
Industrial,Manganese,CNY/mtu,30.25,0.0,0.0,0.0,1.34,5.22,5.22,mtu,Dec/29,2025-12-29 00:00:00,2025.0,12.0,29.0,2025-12-29,,Manganese_CNY_2025-12-29 00:00:00,Dec/29,CNY
Livestock,Salmon,NOK/KG,75.38,0.41,-0.54,-0.54,-1.13,-19.66,-1.32,KG,Dec/19,2025-12-19 00:00:00,2025.0,12.0,19.0,2025-12-29,,Salmon_NOK_2025-12-19 00:00:00,Dec/19,NOK
Industrial,Germanium,CNY/Kg,13600.0,0.0,0.0,0.0,-2.16,-22.51,-22.51,Kg,Dec/29,2025-12-29 00:00:00,2025.0,12.0,29.0,2025-12-29,,Germanium_CNY_2025-12-29 00:00:00,Dec/29,CNY
Agricultural,Potatoes,EUR/100KG,6.5,0.0,0.0,0.0,-1.52,-77.74,-77.74,100KG,Dec/29,2025-12-29 00:00:00,2025.0,12.0,29.0,2025-12-29,,Potatoes_EUR_2025-12-29 00:00:00,Dec/29,EUR
Agricultural,Corn,USd/BU,442.1359,7.8641,-1.75,-1.09,2.17,-3.57,-2.24,BU,Dec/29,2025-12-29 00:00:00,2025.0,12.0,29.0,2025-12-29,,Corn_USd_2025-12-29 00:00:00,Dec/29,USd
Industrial,Palladium,USD/t.oz,1675.0,310.0,-15.62,-8.09,17.87,88.41,90.56,t.oz,Dec/29,2025-12-29 00:00:00,2025.0,12.0,29.0,2025-12-29,1675.0,Palladium_USD_2025-12-29 00:00:00,Dec/29,USD
Agricultural,Rubber,USD Cents / Kg,183.1,3.3,1.84,4.63,1.72,-7.24,-7.24, Kg,Dec/29,2025-12-29 00:00:00,2025.0,12.0,29.0,2025-12-29,,Rubber_USD Cents _2025-12-29 00:00:00,Dec/29,USD Cents 
Energy,UK Gas,GBp/thm,75.85,2.0284,2.75,3.63,2.74,-39.51,-36.6,thm,Dec/29,2025-12-29 00:00:00,2025.0,12.0,29.0,2025-12-29,,UK Gas_GBp_2025-12-29 00:00:00,Dec/29,GBp
Metals,Platinum,USD/t.oz,2123.6,344.1,-13.94,-1.36,27.72,137.54,136.43,t.oz,Dec/29,2025-12-29 00:00:00,2025.0,12.0,29.0,2025-12-29,2123.6,Platinum_USD_2025-12-29 00:00:00,Dec/29,USD
Metals,Gold,USD/t.oz,4333.92,197.59,-4.36,-2.5,2.42,65.14,66.27,t.oz,Dec/29,2025-12-29 00:00:00,2025.0,12.0,29.0,2025-12-29,4333.92,Gold_USD_2025-12-29 00:00:00,Dec/29,USD
Energy,Urals Oil,USD/Bbl,51.91,1.17,2.31,3.16,-3.48,-24.23,-23.32,Bbl,Dec/24,2025-12-24 00:00:00,2025.0,12.0,24.0,2025-12-29,51.91,Urals Oil_USD_2025-12-24 00:00:00,Dec/24,USD
Energy,German Gas,EUR/MWh,30.21,0.54,1.82,3.46,0.93,-39.42,-38.15,MWh,Dec/29,2025-12-29 00:00:00,2025.0,12.0,29.0,2025-12-29,,German Gas_EUR_2025-12-29 00:00:00,Dec/29,EUR
Energy,Coking Coal,USD/T,218.0,0.0,0.0,0.69,10.38,7.92,8.19,T,Dec/26,2025-12-26 00:00:00,2025.0,12.0,26.0,2025-12-29,218.0,Coking Coal_USD_2025-12-26 00:00:00,Dec/26,USD
Energy,Methanol,CNY/T,2117.0,13.0,-0.61,0.05,0.86,-23.49,-22.11,T,Dec/29,2025-12-29 00:00:00,2025.0,12.0,29.0,2025-12-29,,Methanol_CNY_2025-12-29 00:00:00,Dec/29,CNY
Energy,Propane,USD/Gal,0.67,0.0,-0.01,0.19,-1.64,-13.46,-13.16,Gal,Dec/26,2025-12-26 00:00:00,2025.0,12.0,26.0,2025-12-29,0.67,Propane_USD_2025-12-26 00:00:00,Dec/26,USD
Energy,Uranium,USD/Lbs,81.4,0.15,0.18,1.43,6.47,11.51,15.71,Lbs,Dec/26,2025-12-26 00:00:00,2025.0,12.0,26.0,2025-12-29,81.4,Uranium_USD_2025-12-26 00:00:00,Dec/26,USD
Energy,Ethanol,USD/Gal,1.655,0.0,0.0,5.08,-3.22,-2.07,0.61,Gal,Dec/29,2025-12-29 00:00:00,2025.0,12.0,29.0,2025-12-29,1.655,Ethanol_USD_2025-12-29 00:00:00,Dec/29,USD
Metals,Silver,USD/t.oz,72.389,6.721,-8.5,4.86,24.9,150.66,150.16,t.oz,Dec/29,2025-12-29 00:00:00,2025.0,12.0,29.0,2025-12-29,72.389,Silver_USD_2025-12-29 00:00:00,Dec/29,USD
Energy,TTF Gas,EUR/MWh,28.66,0.59,2.1,3.51,1.53,-43.2,-40.52,MWh,Dec/29,2025-12-29 00:00:00,2025.0,12.0,29.0,2025-12-29,,TTF Gas_EUR_2025-12-29 00:00:00,Dec/29,EUR
Energy,Brent,USD/Bbl,61.639,0.999,1.65,-0.69,-2.42,-17.42,-16.69,Bbl,Dec/29,2025-12-29 00:00:00,2025.0,12.0,29.0,2025-12-29,61.639,Brent_USD_2025-12-29 00:00:00,Dec/29,USD
Energy,Coal,USD/T,109.05,0.05,0.05,0.6,-0.55,-12.93,-12.76,T,Dec/26,2025-12-26 00:00:00,2025.0,12.0,26.0,2025-12-29,109.05,Coal_USD_2025-12-26 00:00:00,Dec/26,USD
Metals,Lithium,CNY/T,118000.0,6100.0,5.45,19.19,25.07,57.23,57.23,T,Dec/29,2025-12-29 00:00:00,2025.0,12.0,29.0,2025-12-29,,Lithium_CNY_2025-12-29 00:00:00,Dec/29,CNY
Electricity,Italy,EUR/MWh,113.66,6.39,5.95,-0.1,-13.9,-17.49,-23.01,MWh,Dec/29,2025-12-29 00:00:00,2025.0,12.0,29.0,2025-12-29,,Italy_EUR_2025-12-29 00:00:00,Dec/29,EUR
Energy,Crude Oil,USD/Bbl,57.82,1.08,1.9,-0.33,-2.53,-19.38,-18.55,Bbl,Dec/29,2025-12-29 00:00:00,2025.0,12.0,29.0,2025-12-29,57.82,Crude Oil_USD_2025-12-29 00:00:00,Dec/29,USD
Metals,Iron Ore CNY,CNY/T,797.0,14.0,1.79,2.51,-0.38,2.31,2.31,T,Dec/29,2025-12-29 00:00:00,2025.0,12.0,29.0,2025-12-29,,Iron Ore CNY_CNY_2025-12-29 00:00:00,Dec/29,CNY
Energy,Natural gas,USD/MMBtu,3.9381,0.0611,1.58,-0.68,-19.97,8.4,0.05,MMBtu,Dec/29,2025-12-29 00:00:00,2025.0,12.0,29.0,2025-12-29,3.9381,Natural gas_USD_2025-12-29 00:00:00,Dec/29,USD
Energy,Gasoline,USD/Gal,1.7071,0.009,0.53,-2.03,-8.86,-15.17,-13.7,Gal,Dec/29,2025-12-29 00:00:00,2025.0,12.0,29.0,2025-12-29,1.7071,Gasoline_USD_2025-12-29 00:00:00,Dec/29,USD
Energy,Heating Oil,USD/Gal,2.1241,0.0171,0.81,-1.58,-9.23,-8.33,-7.63,Gal,Dec/29,2025-12-29 00:00:00,2025.0,12.0,29.0,2025-12-29,2.1241,Heating Oil_USD_2025-12-29 00:00:00,Dec/29,USD
Electricity,Spain,EUR/MWh,107.2,18.0,20.18,51.84,16.8,-21.1,-23.94,MWh,Dec/29,2025-12-29 00:00:00,2025.0,12.0,29.0,2025-12-29,,Spain_EUR_2025-12-29 00:00:00,Dec/29,EUR
Agricultural,Butter,EUR/T,4175.0,13.0,-0.31,-1.18,-0.24,-42.82,-42.82,T,Dec/29,2025-12-29 00:00:00,2025.0,12.0,29.0,2025-12-29,,Butter_EUR_2025-12-29 00:00:00,Dec/29,EUR
Energy,Naphtha,USD/T,490.33,12.05,-2.4,-1.38,-3.99,-19.81,-19.67,T,Dec/26,2025-12-26 00:00:00,2025.0,12.0,26.0,2025-12-29,490.33,Naphtha_USD_2025-12-26 00:00:00,Dec/26,USD
Metals,Copper,USD/Lbs,5.5087,0.2578,-4.47,1.21,6.49,38.41,36.17,Lbs,Dec/29,2025-12-29 00:00:00,2025.0,12.0,29.0,2025-12-29,5.5087,Copper_USD_2025-12-29 00:00:00,Dec/29,USD
Agricultural,Rapeseed,EUR/T,452.52,2.73,0.61,-0.65,-5.53,-11.27,-11.49,T,Dec/29,2025-12-29 00:00:00,2025.0,12.0,29.0,2025-12-29,,Rapeseed_EUR_2025-12-29 00:00:00,Dec/29,EUR
Agricultural,Sunflower Oil,INR/10 kg,1431.7,0.3,0.02,0.19,1.05,12.87,12.53,10 kg,Dec/29,2025-12-29 00:00:00,2025.0,12.0,29.0,2025-12-29,,Sunflower Oil_INR_2025-12-29 00:00:00,Dec/29,INR
Agricultural,Tea,INR/Kgs,185.75,3.66,-1.93,-1.93,-2.24,9.22,1.09,Kgs,Dec/13,2025-12-13 00:00:00,2025.0,12.0,13.0,2025-12-29,,Tea_INR_2025-12-13 00:00:00,Dec/13,INR
Agricultural,Cocoa,USD/T,6249.73,296.73,4.98,6.16,14.55,-45.67,-44.3,T,Dec/29,2025-12-29 00:00:00,2025.0,12.0,29.0,2025-12-29,6249.73,Cocoa_USD_2025-12-29 00:00:00,Dec/29,USD
Agricultural,Sugar,USd/Lbs,15.23,0.06,0.42,1.63,3.21,-21.03,-20.33,Lbs,Dec/29,2025-12-29 00:00:00,2025.0,12.0,29.0,2025-12-29,,Sugar_USd_2025-12-29 00:00:00,Dec/29,USd
Agricultural,Wool,AUD/100Kg,1541.0,0.0,0.0,0.0,2.46,33.54,33.54,100Kg,Dec/29,2025-12-29 00:00:00,2025.0,12.0,29.0,2025-12-29,,Wool_AUD_2025-12-29 00:00:00,Dec/29,AUD
Agricultural,Oat,USd/Bu,305.75,2.25,-0.73,2.69,4.8,-7.49,-5.63,Bu,Dec/29,2025-12-29 00:00:00,2025.0,12.0,29.0,2025-12-29,,Oat_USd_2025-12-29 00:00:00,Dec/29,USd
Agricultural,Canola,CAD/T,590.41,8.4,-1.4,-1.86,-8.77,-3.01,-3.43,T,Dec/29,2025-12-29 00:00:00,2025.0,12.0,29.0,2025-12-29,,Canola_CAD_2025-12-29 00:00:00,Dec/29,CAD
Agricultural,Rice,USD/cwt,9.465,0.32,-3.27,-3.81,-6.98,-32.51,-30.46,cwt,Dec/29,2025-12-29 00:00:00,2025.0,12.0,29.0,2025-12-29,9.465,Rice_USD_2025-12-29 00:00:00,Dec/29,USD
Agricultural,Cotton,USd/Lbs,64.305,0.153,-0.24,1.09,2.35,-5.94,-6.08,Lbs,Dec/29,2025-12-29 00:00:00,2025.0,12.0,29.0,2025-12-29,,Cotton_USd_2025-12-29 00:00:00,Dec/29,USd
Agricultural,Coffee,USd/Lbs,351.15,0.9,0.26,1.09,-14.67,9.56,10.2,Lbs,Dec/29,2025-12-29 00:00:00,2025.0,12.0,29.0,2025-12-29,,Coffee_USd_2025-12-29 00:00:00,Dec/29,USd
Metals,Steel,CNY/T,3107.0,16.0,0.52,0.68,-0.1,-6.13,-5.79,T,Dec/29,2025-12-29 00:00:00,2025.0,12.0,29.0,2025-12-29,,Steel_CNY_2025-12-29 00:00:00,Dec/29,CNY
Metals,HRC Steel,USD/T,905.0,1.0,-0.11,-0.33,0.22,27.64,24.83,T,Dec/29,2025-12-29 00:00:00,2025.0,12.0,29.0,2025-12-29,905.0,HRC Steel_USD_2025-12-29 00:00:00,Dec/29,USD
Agricultural,Milk,USD/CWT,15.87,0.01,0.06,0.63,-7.46,-15.18,-15.18,CWT,Dec/29,2025-12-29 00:00:00,2025.0,12.0,29.0,2025-12-29,15.87,Milk_USD_2025-12-29 00:00:00,Dec/29,USD
Metals,Silicon,CNY/T,8625.0,165.0,-1.88,0.41,-5.69,-23.67,-24.93,T,Dec/29,2025-12-29 00:00:00,2025.0,12.0,29.0,2025-12-29,,Silicon_CNY_2025-12-29 00:00:00,Dec/29,CNY
Metals,Scrap Steel,USD/T,370.0,5.0,1.37,0.54,3.35,,2.92,T,Dec/24,2025-12-24 00:00:00,2025.0,12.0,24.0,2025-12-29,370.0,Scrap Steel_USD_2025-12-24 00:00:00,Dec/24,USD
Metals,Titanium,CNY/KG,46.0,0.0,0.0,0.0,1.1,3.37,3.37,KG,Dec/29,2025-12-29 00:00:00,2025.0,12.0,29.0,2025-12-29,,Titanium_CNY_2025-12-29 00:00:00,Dec/29,CNY
Agricultural,Soybeans,USd/Bu,1049.5,9.25,-0.87,-0.36,-6.96,5.13,6.87,Bu,Dec/29,2025-12-29 00:00:00,2025.0,12.0,29.0,2025-12-29,,Soybeans_USd_2025-12-29 00:00:00,Dec/29,USd
Agricultural,Orange Juice,USd/Lbs,200.83,1.42,-0.7,-3.89,35.19,-59.63,-59.24,Lbs,Dec/29,2025-12-29 00:00:00,2025.0,12.0,29.0,2025-12-29,,Orange Juice_USd_2025-12-29 00:00:00,Dec/29,USd
Agricultural,Lumber,USD/1000 board feet,541.53,10.47,-1.9,-0.54,0.84,-1.55,-2.24,1000 board feet,Dec/29,2025-12-29 00:00:00,2025.0,12.0,29.0,2025-12-29,541.53,Lumber_USD_2025-12-29 00:00:00,Dec/29,USD
Agricultural,Palm Oil,MYR/T,4049.0,38.0,-0.93,1.56,-1.08,-8.89,-11.05,T,Dec/29,2025-12-29 00:00:00,2025.0,12.0,29.0,2025-12-29,,Palm Oil_MYR_2025-12-29 00:00:00,Dec/29,MYR
Agricultural,Cheese,USD/Lbs,1.528,0.003,0.2,0.66,-0.46,-19.62,-20.21,Lbs,Dec/29,2025-12-29 00:00:00,2025.0,12.0,29.0,2025-12-29,1.528,Cheese_USD_2025-12-29 00:00:00,Dec/29,USD
Agricultural,Wheat,USd/Bu,513.25,5.75,-1.11,-0.44,-3.21,-6.94,-6.38,Bu,Dec/29,2025-12-29 00:00:00,2025.0,12.0,29.0,2025-12-29,,Wheat_USd_2025-12-29 00:00:00,Dec/29,USd
Energy,Coal,USD/T,107.25,1.05,0.99,0.56,-2.94,-0.23,-9.34,T,Jan/06,2026-01-06 00:00:00,2026.0,1.0,6.0,2026-01-07,107.25,Coal_USD_2026-01-06 00:00:00,Jan/06,USD
Metals,Lithium,CNY/T,133500.0,6000.0,4.71,12.66,43.94,12.66,76.82,T,Jan/07,2026-01-07 00:00:00,2026.0,1.0,7.0,2026-01-07,,Lithium_CNY_2026-01-07 00:00:00,Jan/07,CNY
Electricity,Italy,EUR/MWh,120.96,5.91,5.14,10.1,14.4,10.1,-9.21,MWh,Jan/07,2026-01-07 00:00:00,2026.0,1.0,7.0,2026-01-07,,Italy_EUR_2026-01-07 00:00:00,Jan/07,EUR
Energy,Crude Oil,USD/Bbl,56.469,0.661,-1.16,-1.66,-4.09,-1.66,-22.98,Bbl,Jan/07,2026-01-07 00:00:00,2026.0,1.0,7.0,2026-01-07,56.469,Crude Oil_USD_2026-01-07 00:00:00,Jan/07,USD
Energy,Brent,USD/Bbl,60.191,0.509,-0.84,-1.08,-3.68,-1.08,-20.97,Bbl,Jan/07,2026-01-07 00:00:00,2026.0,1.0,7.0,2026-01-07,60.191,Brent_USD_2026-01-07 00:00:00,Jan/07,USD
Energy,Natural gas,USD/MMBtu,3.4843,0.1343,4.01,-5.47,-29.07,-5.47,-4.57,MMBtu,Jan/07,2026-01-07 00:00:00,2026.0,1.0,7.0,2026-01-07,3.4843,Natural gas_USD_2026-01-07 00:00:00,Jan/07,USD
Metals,Iron Ore CNY,CNY/T,814.5,2.0,0.25,3.17,7.67,3.17,8.75,T,Jan/07,2026-01-07 00:00:00,2026.0,1.0,7.0,2026-01-07,,Iron Ore CNY_CNY_2026-01-07 00:00:00,Jan/07,CNY
Energy,Gasoline,USD/Gal,1.692,0.002,0.12,-1.1,-5.67,-1.1,-15.87,Gal,Jan/07,2026-01-07 00:00:00,2026.0,1.0,7.0,2026-01-07,1.692,Gasoline_USD_2026-01-07 00:00:00,Jan/07,USD
Energy,Heating Oil,USD/Gal,2.065,0.018,-0.86,-2.66,-10.15,-2.66,-12.22,Gal,Jan/07,2026-01-07 00:00:00,2026.0,1.0,7.0,2026-01-07,2.065,Heating Oil_USD_2026-01-07 00:00:00,Jan/07,USD
Energy,TTF Gas,EUR/MWh,28.81,0.67,2.38,2.3,7.22,2.3,-36.1,MWh,Jan/07,2026-01-07 00:00:00,2026.0,1.0,7.0,2026-01-07,,TTF Gas_EUR_2026-01-07 00:00:00,Jan/07,EUR
Energy,Methanol,CNY/T,2235.0,33.0,-1.46,2.05,10.75,2.05,-15.21,T,Jan/07,2026-01-07 00:00:00,2026.0,1.0,7.0,2026-01-07,,Methanol_CNY_2026-01-07 00:00:00,Jan/07,CNY
Energy,Ethanol,USD/Gal,1.5925,0.0225,-1.39,0.16,-0.16,0.32,-3.78,Gal,Jan/06,2026-01-06 00:00:00,2026.0,1.0,6.0,2026-01-07,1.5925,Ethanol_USD_2026-01-06 00:00:00,Jan/06,USD
Energy,Naphtha,USD/T,489.8,4.2,-0.85,-1.28,-5.23,0.29,-23.77,T,Jan/06,2026-01-06 00:00:00,2026.0,1.0,6.0,2026-01-07,489.8,Naphtha_USD_2026-01-06 00:00:00,Jan/06,USD
Energy,Uranium,USD/Lbs,82.05,0.05,0.06,0.24,7.25,0.49,9.77,Lbs,Jan/06,2026-01-06 00:00:00,2026.0,1.0,6.0,2026-01-07,82.05,Uranium_USD_2026-01-06 00:00:00,Jan/06,USD
Energy,Propane,USD/Gal,0.63,0.0,0.73,-5.74,-11.21,-0.59,-27.0,Gal,Jan/06,2026-01-06 00:00:00,2026.0,1.0,6.0,2026-01-07,0.63,Propane_USD_2026-01-06 00:00:00,Jan/06,USD
Energy,Coking Coal,USD/T,221.5,2.0,-0.89,1.37,8.22,1.37,12.44,T,Jan/06,2026-01-06 00:00:00,2026.0,1.0,6.0,2026-01-07,221.5,Coking Coal_USD_2026-01-06 00:00:00,Jan/06,USD
Energy,German Gas,EUR/MWh,29.55,0.64,2.23,0.63,3.51,-1.49,-38.92,MWh,Jan/06,2026-01-06 00:00:00,2026.0,1.0,6.0,2026-01-07,,German Gas_EUR_2026-01-06 00:00:00,Jan/06,EUR
Energy,Urals Oil,USD/Bbl,51.47,0.09,0.18,-0.43,-4.19,2.04,-28.28,Bbl,Jan/06,2026-01-06 00:00:00,2026.0,1.0,6.0,2026-01-07,51.47,Urals Oil_USD_2026-01-06 00:00:00,Jan/06,USD
Metals,Gold,USD/t.oz,4464.42,31.7,-0.71,3.35,6.55,3.35,67.68,t.oz,Jan/07,2026-01-07 00:00:00,2026.0,1.0,7.0,2026-01-07,4464.42,Gold_USD_2026-01-07 00:00:00,Jan/07,USD
Metals,Silver,USD/t.oz,79.411,1.824,-2.24,11.44,36.62,11.44,163.56,t.oz,Jan/07,2026-01-07 00:00:00,2026.0,1.0,7.0,2026-01-07,79.411,Silver_USD_2026-01-07 00:00:00,Jan/07,USD
Metals,Platinum,USD/t.oz,2282.8,135.6,-5.61,11.04,37.79,11.04,135.83,t.oz,Jan/07,2026-01-07 00:00:00,2026.0,1.0,7.0,2026-01-07,2282.8,Platinum_USD_2026-01-07 00:00:00,Jan/07,USD
Energy,UK Gas,GBp/thm,74.6872,1.9672,2.71,1.19,5.89,1.19,-34.76,thm,Jan/07,2026-01-07 00:00:00,2026.0,1.0,7.0,2026-01-07,,UK Gas_GBp_2026-01-07 00:00:00,Jan/07,GBp
Metals,Copper,USD/Lbs,5.9188,0.0934,-1.55,4.95,10.61,4.95,39.82,Lbs,Jan/07,2026-01-07 00:00:00,2026.0,1.0,7.0,2026-01-07,5.9188,Copper_USD_2026-01-07 00:00:00,Jan/07,USD
Electricity,Spain,EUR/MWh,102.33,39.43,62.69,4.61,84.98,4.61,3.45,MWh,Jan/07,2026-01-07 00:00:00,2026.0,1.0,7.0,2026-01-07,,Spain_EUR_2026-01-07 00:00:00,Jan/07,EUR
Agricultural,Sunflower Oil,INR/10 kg,1462.9,7.0,0.48,1.92,1.94,1.44,16.78,10 kg,Jan/06,2026-01-06 00:00:00,2026.0,1.0,6.0,2026-01-07,,Sunflower Oil_INR_2026-01-06 00:00:00,Jan/06,INR
Metals,Steel,CNY/T,3156.0,36.0,1.15,1.94,2.87,1.94,0.86,T,Jan/07,2026-01-07 00:00:00,2026.0,1.0,7.0,2026-01-07,,Steel_CNY_2026-01-07 00:00:00,Jan/07,CNY
Agricultural,Orange Juice,USd/Lbs,207.43,0.42,-0.2,2.74,35.49,1.09,-59.11,Lbs,Jan/06,2026-01-06 00:00:00,2026.0,1.0,6.0,2026-01-07,,Orange Juice_USd_2026-01-06 00:00:00,Jan/06,USd
Metals,Silicon,CNY/T,8900.0,100.0,1.14,1.42,2.59,1.42,-17.82,T,Jan/07,2026-01-07 00:00:00,2026.0,1.0,7.0,2026-01-07,,Silicon_CNY_2026-01-07 00:00:00,Jan/07,CNY
Metals,Scrap Steel,USD/T,370.0,2.0,-0.54,-0.4,1.09,1.23,2.92,T,Jan/06,2026-01-06 00:00:00,2026.0,1.0,6.0,2026-01-07,370.0,Scrap Steel_USD_2026-01-06 00:00:00,Jan/06,USD
Metals,Titanium,CNY/KG,45.0,0.0,0.0,-2.17,-1.1,-2.17,1.12,KG,Jan/07,2026-01-07 00:00:00,2026.0,1.0,7.0,2026-01-07,,Titanium_CNY_2026-01-07 00:00:00,Jan/07,CNY
Agricultural,Soybeans,USd/Bu,1050.47,8.47,0.81,1.94,-3.96,1.94,5.63,Bu,Jan/07,2026-01-07 00:00:00,2026.0,1.0,7.0,2026-01-07,,Soybeans_USd_2026-01-07 00:00:00,Jan/07,USd
Agricultural,Wheat,USd/Bu,512.13,1.63,0.32,1.01,-4.45,1.01,-4.5,Bu,Jan/07,2026-01-07 00:00:00,2026.0,1.0,7.0,2026-01-07,,Wheat_USd_2026-01-07 00:00:00,Jan/07,USd
Agricultural,Lumber,USD/1000 board feet,532.0,0.5,0.09,-1.48,-2.74,-1.21,-3.54,1000 board feet,Jan/06,2026-01-06 00:00:00,2026.0,1.0,6.0,2026-01-07,532.0,Lumber_USD_2026-01-06 00:00:00,Jan/06,USD
Agricultural,Palm Oil,MYR/T,4036.0,44.0,1.1,-0.35,-1.42,-0.35,-7.35,T,Jan/07,2026-01-07 00:00:00,2026.0,1.0,7.0,2026-01-07,,Palm Oil_MYR_2026-01-07 00:00:00,Jan/07,MYR
Agricultural,Cheese,USD/Lbs,1.4421,0.0019,-0.13,-0.41,-5.37,-0.41,-25.86,Lbs,Jan/07,2026-01-07 00:00:00,2026.0,1.0,7.0,2026-01-07,1.4421,Cheese_USD_2026-01-07 00:00:00,Jan/07,USD
Agricultural,Rapeseed,EUR/T,466.04,0.96,-0.21,2.82,-2.25,2.82,-11.86,T,Jan/07,2026-01-07 00:00:00,2026.0,1.0,7.0,2026-01-07,,Rapeseed_EUR_2026-01-07 00:00:00,Jan/07,EUR
Agricultural,Milk,USD/CWT,15.1,0.01,0.07,-0.79,-5.27,-0.79,-25.91,CWT,Jan/07,2026-01-07 00:00:00,2026.0,1.0,7.0,2026-01-07,15.1,Milk_USD_2026-01-07 00:00:00,Jan/07,USD
Agricultural,Coffee,USd/Lbs,372.12,0.1,0.03,6.7,-6.04,6.7,16.06,Lbs,Jan/07,2026-01-07 00:00:00,2026.0,1.0,7.0,2026-01-07,,Coffee_USd_2026-01-07 00:00:00,Jan/07,USd
Agricultural,Butter,EUR/T,4130.0,5.0,0.12,-0.48,0.12,-0.48,-43.45,T,Jan/06,2026-01-06 00:00:00,2026.0,1.0,6.0,2026-01-07,,Butter_EUR_2026-01-06 00:00:00,Jan/06,EUR
Agricultural,Cotton,USd/Lbs,65.581,0.441,0.68,2.04,2.99,2.04,-3.82,Lbs,Jan/07,2026-01-07 00:00:00,2026.0,1.0,7.0,2026-01-07,,Cotton_USd_2026-01-07 00:00:00,Jan/07,USd
Agricultural,Rice,USD/cwt,10.07,0.15,1.51,4.95,-0.74,4.95,-28.48,cwt,Jan/07,2026-01-07 00:00:00,2026.0,1.0,7.0,2026-01-07,10.07,Rice_USD_2026-01-07 00:00:00,Jan/07,USD
Agricultural,Canola,CAD/T,618.25,4.35,0.71,4.89,0.74,4.89,0.72,T,Jan/07,2026-01-07 00:00:00,2026.0,1.0,7.0,2026-01-07,,Canola_CAD_2026-01-07 00:00:00,Jan/07,CAD
Agricultural,Oat,USd/Bu,309.0356,2.0298,0.66,2.16,3.18,2.16,-4.62,Bu,Jan/07,2026-01-07 00:00:00,2026.0,1.0,7.0,2026-01-07,,Oat_USd_2026-01-07 00:00:00,Jan/07,USd
Agricultural,Wool,AUD/100Kg,1541.0,0.0,0.0,0.0,1.31,0.0,33.54,100Kg,Jan/07,2026-01-07 00:00:00,2026.0,1.0,7.0,2026-01-07,,Wool_AUD_2026-01-07 00:00:00,Jan/07,AUD
Agricultural,Sugar,USd/Lbs,14.78,0.02,0.16,-1.53,-0.27,-1.53,-22.9,Lbs,Jan/07,2026-01-07 00:00:00,2026.0,1.0,7.0,2026-01-07,,Sugar_USd_2026-01-07 00:00:00,Jan/07,USd
Agricultural,Cocoa,USD/T,5989.49,35.49,0.6,-1.25,6.05,-1.25,-46.39,T,Jan/07,2026-01-07 00:00:00,2026.0,1.0,7.0,2026-01-07,5989.49,Cocoa_USD_2026-01-07 00:00:00,Jan/07,USD
Agricultural,Tea,INR/Kgs,183.28,0.76,-0.41,-0.41,-3.26,7.77,7.77,Kgs,Dec/27,2026-12-27 00:00:00,2026.0,12.0,27.0,2026-01-07,,Tea_INR_2026-12-27 00:00:00,Dec/27,INR
Agricultural,Rubber,USD Cents / Kg,184.7,2.1,1.15,2.67,7.7,2.67,-0.65, Kg,Jan/07,2026-01-07 00:00:00,2026.0,1.0,7.0,2026-01-07,,Rubber_USD Cents _2026-01-07 00:00:00,Jan/07,USD Cents 
Agricultural,Barley,INR/T,2296.0,4.0,0.17,-0.11,0.95,0.15,-4.81,T,Jan/05,2026-01-05 00:00:00,2026.0,1.0,5.0,2026-01-07,,Barley_INR_2026-01-05 00:00:00,Jan/05,INR
Metals,HRC Steel,USD/T,929.06,0.94,-0.1,-0.64,2.32,-0.64,32.34,T,Jan/07,2026-01-07 00:00:00,2026.0,1.0,7.0,2026-01-07,929.06,HRC Steel_USD_2026-01-07 00:00:00,Jan/07,USD
Agricultural,Potatoes,EUR/100KG,6.5,0.0,0.0,0.0,0.0,0.0,-78.26,100KG,Jan/06,2026-01-06 00:00:00,2026.0,1.0,6.0,2026-01-07,,Potatoes_EUR_2026-01-06 00:00:00,Jan/06,EUR
Industrial,Phosphorus,CNY/T,1025.0,0.0,0.0,0.0,0.0,0.0,-4.63,T,Jan/07,2026-01-07 00:00:00,2026.0,1.0,7.0,2026-01-07,,Phosphorus_CNY_2026-01-07 00:00:00,Jan/07,CNY
Industrial,Bitumen,CNY/T,3160.0,4.0,-0.13,4.08,6.94,4.08,-12.05,T,Jan/07,2026-01-07 00:00:00,2026.0,1.0,7.0,2026-01-07,,Bitumen_CNY_2026-01-07 00:00:00,Jan/07,CNY
Industrial,Cobalt,USD/T,54835.0,1480.0,2.77,3.87,5.01,2.77,125.66,T,Jan/06,2026-01-06 00:00:00,2026.0,1.0,6.0,2026-01-07,54835.0,Cobalt_USD_2026-01-06 00:00:00,Jan/06,USD
Industrial,Lead,USD/T,2083.7,14.25,0.69,3.92,4.27,3.92,7.46,T,Jan/07,2026-01-07 00:00:00,2026.0,1.0,7.0,2026-01-07,2083.7,Lead_USD_2026-01-07 00:00:00,Jan/07,USD
Industrial,Aluminum,USD/T,3105.75,28.1,-0.9,3.66,7.51,3.66,24.3,T,Jan/07,2026-01-07 00:00:00,2026.0,1.0,7.0,2026-01-07,3105.75,Aluminum_USD_2026-01-07 00:00:00,Jan/07,USD
Industrial,Tin,USD/T,44526.0,2060.0,4.85,6.13,11.64,9.79,48.7,T,Jan/06,2026-01-06 00:00:00,2026.0,1.0,6.0,2026-01-07,44526.0,Tin_USD_2026-01-06 00:00:00,Jan/06,USD
Industrial,Zinc,USD/T,3223.65,25.8,-0.79,3.27,3.31,3.27,14.11,T,Jan/07,2026-01-07 00:00:00,2026.0,1.0,7.0,2026-01-07,3223.65,Zinc_USD_2026-01-07 00:00:00,Jan/07,USD
Industrial,Molybdenum,CNY/Kg,495.0,12.5,2.59,9.39,8.67,9.39,5.54,Kg,Jan/07,2026-01-07 00:00:00,2026.0,1.0,7.0,2026-01-07,,Molybdenum_CNY_2026-01-07 00:00:00,Jan/07,CNY
Metals,Iron Ore,USD/T,106.79,0.66,0.62,-0.32,0.35,-0.32,9.15,T,Jan/06,2026-01-06 00:00:00,2026.0,1.0,6.0,2026-01-07,106.79,Iron Ore_USD_2026-01-06 00:00:00,Jan/06,USD
Industrial,Rhodium,USD/t oz.,9950.0,0.0,0.0,8.45,24.76,8.45,110.58,t oz.,Jan/07,2026-01-07 00:00:00,2026.0,1.0,7.0,2026-01-07,9950.0,Rhodium_USD_2026-01-07 00:00:00,Jan/07,USD
Industrial,Nickel,USD/T,18336.0,95.0,-0.51,9.47,23.18,9.47,18.64,T,Jan/07,2026-01-07 00:00:00,2026.0,1.0,7.0,2026-01-07,18336.0,Nickel_USD_2026-01-07 00:00:00,Jan/07,USD
Industrial,Polyethylene,CNY/T,6455.0,100.0,1.57,2.46,-2.9,2.46,-23.41,T,Jan/07,2026-01-07 00:00:00,2026.0,1.0,7.0,2026-01-07,,Polyethylene_CNY_2026-01-07 00:00:00,Jan/07,CNY
Industrial,Neodymium,CNY/T,762500.0,10000.0,1.33,1.33,5.54,1.33,52.81,T,Jan/07,2026-01-07 00:00:00,2026.0,1.0,7.0,2026-01-07,,Neodymium_CNY_2026-01-07 00:00:00,Jan/07,CNY
Industrial,Polyvinyl,CNY/T,4693.0,79.0,1.71,3.53,6.37,3.53,-0.32,T,Jan/07,2026-01-07 00:00:00,2026.0,1.0,7.0,2026-01-07,,Polyvinyl_CNY_2026-01-07 00:00:00,Jan/07,CNY
Industrial,Urea,USD/T,390.5,0.0,0.0,1.03,10.16,1.03,13.44,T,Jan/06,2026-01-06 00:00:00,2026.0,1.0,6.0,2026-01-07,390.5,Urea_USD_2026-01-06 00:00:00,Jan/06,USD
Industrial,Tellurium,CNY/Kg,730.0,0.0,0.0,0.0,-3.95,0.0,12.31,Kg,Jan/07,2026-01-07 00:00:00,2026.0,1.0,7.0,2026-01-07,,Tellurium_CNY_2026-01-07 00:00:00,Jan/07,CNY
Industrial,Sulfur,CNY/T,3760.0,60.0,1.62,2.7,-10.36,2.7,127.28,T,Jan/07,2026-01-07 00:00:00,2026.0,1.0,7.0,2026-01-07,,Sulfur_CNY_2026-01-07 00:00:00,Jan/07,CNY
Industrial,Di-ammonium,USD/T,625.0,0.0,0.0,0.0,1.87,0.0,7.76,T,Jan/06,2026-01-06 00:00:00,2026.0,1.0,6.0,2026-01-07,625.0,Di-ammonium_USD_2026-01-06 00:00:00,Jan/06,USD
Industrial,Soda Ash,CNY/T,1210.0,20.0,-1.63,-3.2,-3.82,-3.2,-19.76,T,Jan/06,2026-01-06 00:00:00,2026.0,1.0,6.0,2026-01-07,,Soda Ash_CNY_2026-01-06 00:00:00,Jan/06,CNY
Industrial,Synthetic Rubber,CNY/T,11725.0,108.33,0.93,1.3,5.63,1.3,-21.22,T,Jan/06,2026-01-06 00:00:00,2026.0,1.0,6.0,2026-01-07,,Synthetic Rubber_CNY_2026-01-06 00:00:00,Jan/06,CNY
Industrial,Polypropylene,CNY/T,6310.0,61.0,0.98,1.2,1.12,1.2,-13.26,T,Jan/07,2026-01-07 00:00:00,2026.0,1.0,7.0,2026-01-07,,Polypropylene_CNY_2026-01-07 00:00:00,Jan/07,CNY
Industrial,Magnesium,CNY/T,17250.0,200.0,1.17,3.6,2.37,3.6,1.47,T,Jan/07,2026-01-07 00:00:00,2026.0,1.0,7.0,2026-01-07,,Magnesium_CNY_2026-01-07 00:00:00,Jan/07,CNY
Electricity,France,EUR/MWh,48.75,0.04,-0.08,-3.75,1.75,-3.75,-32.21,MWh,Jan/06,2026-01-06 00:00:00,2026.0,1.0,6.0,2026-01-07,,France_EUR_2026-01-06 00:00:00,Jan/06,EUR
Industrial,Palladium,USD/t.oz,1790.0,78.5,-4.2,9.55,20.91,9.55,96.81,t.oz,Jan/07,2026-01-07 00:00:00,2026.0,1.0,7.0,2026-01-07,1790.0,Palladium_USD_2026-01-07 00:00:00,Jan/07,USD
Agricultural,Corn,USd/BU,445.071,1.071,0.24,1.1,2.02,1.1,-1.97,BU,Jan/07,2026-01-07 00:00:00,2026.0,1.0,7.0,2026-01-07,,Corn_USd_2026-01-07 00:00:00,Jan/07,USd
Industrial,Germanium,CNY/Kg,13500.0,0.0,0.0,0.0,-2.17,0.0,-20.35,Kg,Jan/07,2026-01-07 00:00:00,2026.0,1.0,7.0,2026-01-07,,Germanium_CNY_2026-01-07 00:00:00,Jan/07,CNY
Industrial,Manganese,CNY/mtu,30.55,0.3,0.99,0.99,2.35,0.99,6.26,mtu,Jan/07,2026-01-07 00:00:00,2026.0,1.0,7.0,2026-01-07,,Manganese_CNY_2026-01-07 00:00:00,Jan/07,CNY
Industrial,Indium,CNY/Kg,3100.0,150.0,5.08,9.73,23.75,9.73,22.77,Kg,Jan/07,2026-01-07 00:00:00,2026.0,1.0,7.0,2026-01-07,,Indium_CNY_2026-01-07 00:00:00,Jan/07,CNY
Industrial,Kraft Pulp,CNY/T,5526.0,36.0,0.66,0.91,17.32,0.91,-6.12,T,Jan/07,2026-01-07 00:00:00,2026.0,1.0,7.0,2026-01-07,,Kraft Pulp_CNY_2026-01-07 00:00:00,Jan/07,CNY
Livestock,Feeder Cattle,USd/Lbs,362.4,3.425,0.95,3.68,7.97,3.47,35.07,Lbs,Jan/06,2026-01-06 00:00:00,2026.0,1.0,6.0,2026-01-07,,Feeder Cattle_USd_2026-01-06 00:00:00,Jan/06,USd
Livestock,Live Cattle,USd/Lbs,236.675,0.8,0.34,2.69,4.11,2.19,20.94,Lbs,Jan/06,2026-01-06 00:00:00,2026.0,1.0,6.0,2026-01-07,,Live Cattle_USd_2026-01-06 00:00:00,Jan/06,USd
Livestock,Lean Hogs,USd/Lbs,85.675,0.475,-0.55,0.26,4.1,0.68,8.21,Lbs,Jan/06,2026-01-06 00:00:00,2026.0,1.0,6.0,2026-01-07,,Lean Hogs_USd_2026-01-06 00:00:00,Jan/06,USd
Livestock,Beef,BRL/15KG,318.65,0.15,0.05,-0.17,-1.07,-0.17,-1.19,15KG,Jan/06,2026-01-06 00:00:00,2026.0,1.0,6.0,2026-01-07,,Beef_BRL_2026-01-06 00:00:00,Jan/06,BRL
Livestock,Poultry,BRL/Kgs,7.78,0.0,0.0,-4.42,-4.54,-4.42,-7.71,Kgs,Jan/06,2026-01-06 00:00:00,2026.0,1.0,6.0,2026-01-07,,Poultry_BRL_2026-01-06 00:00:00,Jan/06,BRL
Livestock,Eggs US,USD/Dozen,0.51,0.04,-7.77,-24.37,-72.8,-16.51,-91.47,Dozen,Jan/06,2026-01-06 00:00:00,2026.0,1.0,6.0,2026-01-07,0.51,Eggs US_USD_2026-01-06 00:00:00,Jan/06,USD
Livestock,Eggs CH,CNY/T,2977.0,3.0,0.1,1.57,-5.55,1.57,-12.93,T,Jan/07,2026-01-07 00:00:00,2026.0,1.0,7.0,2026-01-07,,Eggs CH_CNY_2026-01-07 00:00:00,Jan/07,CNY
Livestock,Salmon,NOK/KG,73.92,1.95,-2.57,-2.57,-11.12,-2.57,-12.2,KG,Jan/02,2026-01-02 00:00:00,2026.0,1.0,2.0,2026-01-07,,Salmon_NOK_2026-01-02 00:00:00,Jan/02,NOK
Industrial,Gallium,CNY/Kg,1650.0,0.0,0.0,0.0,0.0,0.0,-16.46,Kg,Jan/07,2026-01-07 00:00:00,2026.0,1.0,7.0,2026-01-07,,Gallium_CNY_2026-01-07 00:00:00,Jan/07,CNY
Index,GSCI,Index Points,553.2,2.32,-0.42,0.85,-0.43,0.85,0.06,,Jan/07,2026-01-07 00:00:00,2026.0,1.0,7.0,2026-01-07,,GSCI_Index Points_2026-01-07 00:00:00,Jan/07,Index Points
Index,SSE Commodity Index,Index Points,8342.63,61.52,0.74,4.13,2.86,4.13,11.97,,Jan/07,2026-01-07 00:00:00,2026.0,1.0,7.0,2026-01-07,,SSE Commodity Index_Index Points_2026-01-07 00:00:00,Jan/07,Index Points
Index,Containerized Freight Index,Points,1656.32,0.0,0.0,0.0,18.51,0.0,-33.88,,Jan/07,2026-01-07 00:00:00,2026.0,1.0,7.0,2026-01-07,,Containerized Freight Index_Points_2026-01-07 00:00:00,Jan/07,Points
Index,EU Carbon Permits,EUR,88.1,0.85,0.97,0.94,7.47,0.84,18.99,,Jan/06,2026-01-06 00:00:00,2026.0,1.0,6.0,2026-01-07,,EU Carbon Permits_EUR_2026-01-06 00:00:00,Jan/06,EUR
Index,Wind Energy Index,USD,21.65,0.18,0.84,5.46,7.39,5.87,43.28,,Jan/06,2026-01-06 00:00:00,2026.0,1.0,6.0,2026-01-07,21.65,Wind Energy Index_USD_2026-01-06 00:00:00,Jan/06,USD
Index,Nuclear Energy Index,USD,49.28,0.47,-0.94,14.52,3.62,14.52,77.46,,Jan/07,2026-01-07 00:00:00,2026.0,1.0,7.0,2026-01-07,49.28,Nuclear Energy Index_USD_2026-01-07 00:00:00,Jan/07,USD
Index,Solar Energy Index,USD,51.03,0.41,-0.8,2.7,7.21,4.02,40.19,,Jan/06,2026-01-06 00:00:00,2026.0,1.0,6.0,2026-01-07,51.03,Solar Energy Index_USD_2026-01-06 00:00:00,Jan/06,USD
Electricity,United Kingdom,GBP/MWh,81.78,1.47,1.83,-2.79,3.0,-0.2,-16.12,MWh,Jan/06,2026-01-06 00:00:00,2026.0,1.0,6.0,2026-01-07,,United Kingdom_GBP_2026-01-06 00:00:00,Jan/06,GBP
Electricity,Germany,EUR/MWh,98.17,3.58,-3.52,0.76,7.49,0.43,-9.48,MWh,Jan/06,2026-01-06 00:00:00,2026.0,1.0,6.0,2026-01-07,,Germany_EUR_2026-01-06 00:00:00,Jan/06,EUR
Index,CRB Index,Index Points,378.86,0.78,-0.2,0.15,0.49,1.16,5.19,,Jan/06,2026-01-06 00:00:00,2026.0,1.0,6.0,2026-01-07,,CRB Index_Index Points_2026-01-06 00:00:00,Jan/06,Index Points
Industrial,Polypropylene,CNY/T,6347.0,2.0,0.03,2.06,2.49,1.8,-12.82,T,Jan/09,2026-01-09 00:00:00,2026.0,1.0,9.0,2026-01-09,,Polypropylene_CNY_2026-01-09 00:00:00,Jan/09,CNY
Industrial,Synthetic Rubber,CNY/T,11975.0,0.0,0.0,3.46,7.88,3.46,-19.63,T,Jan/09,2026-01-09 00:00:00,2026.0,1.0,9.0,2026-01-09,,Synthetic Rubber_CNY_2026-01-09 00:00:00,Jan/09,CNY
Industrial,Soda Ash,CNY/T,1230.0,20.0,1.65,-1.6,-2.23,-1.6,-18.44,T,Jan/09,2026-01-09 00:00:00,2026.0,1.0,9.0,2026-01-09,,Soda Ash_CNY_2026-01-09 00:00:00,Jan/09,CNY
Industrial,Di-ammonium,USD/T,623.0,0.0,0.0,-0.32,1.55,-0.32,6.31,T,Jan/08,2026-01-08 00:00:00,2026.0,1.0,8.0,2026-01-09,623.0,Di-ammonium_USD_2026-01-08 00:00:00,Jan/08,USD
Industrial,Sulfur,CNY/T,3893.33,26.66,0.69,6.35,-8.63,6.35,139.69,T,Jan/09,2026-01-09 00:00:00,2026.0,1.0,9.0,2026-01-09,,Sulfur_CNY_2026-01-09 00:00:00,Jan/09,CNY
Industrial,Tellurium,CNY/Kg,730.0,0.0,0.0,0.0,-3.95,0.0,11.45,Kg,Jan/09,2026-01-09 00:00:00,2026.0,1.0,9.0,2026-01-09,,Tellurium_CNY_2026-01-09 00:00:00,Jan/09,CNY
Industrial,Urea,USD/T,392.75,0.0,0.0,1.55,10.95,1.62,13.76,T,Jan/08,2026-01-08 00:00:00,2026.0,1.0,8.0,2026-01-09,392.75,Urea_USD_2026-01-08 00:00:00,Jan/08,USD
Industrial,Polyvinyl,CNY/T,4605.0,54.0,-1.16,2.33,5.98,1.59,-3.44,T,Jan/09,2026-01-09 00:00:00,2026.0,1.0,9.0,2026-01-09,,Polyvinyl_CNY_2026-01-09 00:00:00,Jan/09,CNY
Industrial,Neodymium,CNY/T,777500.0,0.0,0.0,2.64,7.61,3.32,55.81,T,Jan/09,2026-01-09 00:00:00,2026.0,1.0,9.0,2026-01-09,,Neodymium_CNY_2026-01-09 00:00:00,Jan/09,CNY
Industrial,Polyethylene,CNY/T,6474.0,13.0,-0.2,2.53,-1.25,2.76,-22.93,T,Jan/09,2026-01-09 00:00:00,2026.0,1.0,9.0,2026-01-09,,Polyethylene_CNY_2026-01-09 00:00:00,Jan/09,CNY
Industrial,Nickel,USD/T,17700.0,635.0,3.72,5.61,20.61,5.67,12.99,T,Jan/09,2026-01-09 00:00:00,2026.0,1.0,9.0,2026-01-09,17700.0,Nickel_USD_2026-01-09 00:00:00,Jan/09,USD
Industrial,Rhodium,USD/t oz.,9750.0,75.0,0.78,2.09,22.26,6.27,108.56,t oz.,Jan/09,2026-01-09 00:00:00,2026.0,1.0,9.0,2026-01-09,9750.0,Rhodium_USD_2026-01-09 00:00:00,Jan/09,USD
Industrial,Palladium,USD/t.oz,1873.5,75.0,4.17,10.76,24.32,13.44,97.42,t.oz,Jan/09,2026-01-09 00:00:00,2026.0,1.0,9.0,2026-01-09,1873.5,Palladium_USD_2026-01-09 00:00:00,Jan/09,USD
Industrial,Molybdenum,CNY/Kg,510.0,5.0,0.99,10.27,11.96,12.71,8.74,Kg,Jan/09,2026-01-09 00:00:00,2026.0,1.0,9.0,2026-01-09,,Molybdenum_CNY_2026-01-09 00:00:00,Jan/09,CNY
Industrial,Zinc,USD/T,3155.45,21.6,0.69,0.81,2.39,1.08,10.02,T,Jan/09,2026-01-09 00:00:00,2026.0,1.0,9.0,2026-01-09,3155.45,Zinc_USD_2026-01-09 00:00:00,Jan/09,USD
Industrial,Tin,USD/T,43750.0,573.0,-1.29,8.27,9.76,7.88,46.56,T,Jan/08,2026-01-08 00:00:00,2026.0,1.0,8.0,2026-01-09,43750.0,Tin_USD_2026-01-08 00:00:00,Jan/08,USD
Industrial,Aluminum,USD/T,3147.85,58.8,1.9,4.13,9.61,5.07,22.41,T,Jan/09,2026-01-09 00:00:00,2026.0,1.0,9.0,2026-01-09,3147.85,Aluminum_USD_2026-01-09 00:00:00,Jan/09,USD
Industrial,Lead,USD/T,2045.7,23.25,1.15,2.11,3.35,2.02,3.58,T,Jan/09,2026-01-09 00:00:00,2026.0,1.0,9.0,2026-01-09,2045.7,Lead_USD_2026-01-09 00:00:00,Jan/09,USD
Industrial,Cobalt,USD/T,56290.0,0.0,0.0,5.5,7.79,5.5,131.65,T,Jan/08,2026-01-08 00:00:00,2026.0,1.0,8.0,2026-01-09,56290.0,Cobalt_USD_2026-01-08 00:00:00,Jan/08,USD
Industrial,Bitumen,CNY/T,3165.0,7.0,0.22,-0.25,7.43,4.25,-13.74,T,Jan/09,2026-01-09 00:00:00,2026.0,1.0,9.0,2026-01-09,,Bitumen_CNY_2026-01-09 00:00:00,Jan/09,CNY
Industrial,Phosphorus,CNY/T,1025.0,0.0,0.0,0.0,0.0,0.0,-4.63,T,Jan/09,2026-01-09 00:00:00,2026.0,1.0,9.0,2026-01-09,,Phosphorus_CNY_2026-01-09 00:00:00,Jan/09,CNY
Industrial,Magnesium,CNY/T,17650.0,350.0,2.02,5.37,5.69,6.01,3.82,T,Jan/09,2026-01-09 00:00:00,2026.0,1.0,9.0,2026-01-09,,Magnesium_CNY_2026-01-09 00:00:00,Jan/09,CNY
Electricity,France,EUR/MWh,49.47,0.58,1.19,-0.74,1.17,-2.33,-29.33,MWh,Jan/09,2026-01-09 00:00:00,2026.0,1.0,9.0,2026-01-09,,France_EUR_2026-01-09 00:00:00,Jan/09,EUR
Industrial,Germanium,CNY/Kg,13500.0,0.0,0.0,0.0,-2.17,0.0,-20.35,Kg,Jan/09,2026-01-09 00:00:00,2026.0,1.0,9.0,2026-01-09,,Germanium_CNY_2026-01-09 00:00:00,Jan/09,CNY
Agricultural,Corn,USd/BU,445.1844,0.8156,-0.18,1.76,0.21,1.12,-5.38,BU,Jan/09,2026-01-09 00:00:00,2026.0,1.0,9.0,2026-01-09,,Corn_USd_2026-01-09 00:00:00,Jan/09,USd
Electricity,Germany,EUR/MWh,99.87,0.0,0.0,-1.85,6.38,2.17,5.86,MWh,Jan/09,2026-01-09 00:00:00,2026.0,1.0,9.0,2026-01-09,,Germany_EUR_2026-01-09 00:00:00,Jan/09,EUR
Electricity,United Kingdom,GBP/MWh,81.2,2.09,-2.51,-3.06,0.3,-0.9,-12.59,MWh,Jan/08,2026-01-08 00:00:00,2026.0,1.0,8.0,2026-01-09,,United Kingdom_GBP_2026-01-08 00:00:00,Jan/08,GBP
Index,Solar Energy Index,USD,50.25,0.15,-0.3,-3.33,3.01,2.43,47.14,,Jan/09,2026-01-09 00:00:00,2026.0,1.0,9.0,2026-01-09,50.25,Solar Energy Index_USD_2026-01-09 00:00:00,Jan/09,USD
Index,Nuclear Energy Index,USD,50.2,0.59,1.19,8.4,5.13,16.66,85.17,,Jan/09,2026-01-09 00:00:00,2026.0,1.0,9.0,2026-01-09,50.2,Nuclear Energy Index_USD_2026-01-09 00:00:00,Jan/09,USD
Index,Wind Energy Index,USD,21.42,0.03,0.14,0.9,5.15,4.74,49.58,,Jan/09,2026-01-09 00:00:00,2026.0,1.0,9.0,2026-01-09,21.42,Wind Energy Index_USD_2026-01-09 00:00:00,Jan/09,USD
Index,EU Carbon Permits,EUR,88.19,0.06,0.07,-0.14,6.45,0.94,20.05,,Jan/08,2026-01-08 00:00:00,2026.0,1.0,8.0,2026-01-09,,EU Carbon Permits_EUR_2026-01-08 00:00:00,Jan/08,EUR
Index,Containerized Freight Index,Points,1647.39,8.93,-0.54,-0.54,17.87,-0.54,-28.08,,Jan/09,2026-01-09 00:00:00,2026.0,1.0,9.0,2026-01-09,,Containerized Freight Index_Points_2026-01-09 00:00:00,Jan/09,Points
Index,SSE Commodity Index,Index Points,8442.12,115.48,1.39,2.68,3.82,5.37,15.42,,Jan/09,2026-01-09 00:00:00,2026.0,1.0,9.0,2026-01-09,,SSE Commodity Index_Index Points_2026-01-09 00:00:00,Jan/09,Index Points
Index,GSCI,Index Points,559.82,4.43,0.8,2.16,1.49,2.06,-1.95,,Jan/09,2026-01-09 00:00:00,2026.0,1.0,9.0,2026-01-09,,GSCI_Index Points_2026-01-09 00:00:00,Jan/09,Index Points
Industrial,Gallium,CNY/Kg,1650.0,0.0,0.0,0.0,0.0,0.0,-13.39,Kg,Jan/09,2026-01-09 00:00:00,2026.0,1.0,9.0,2026-01-09,,Gallium_CNY_2026-01-09 00:00:00,Jan/09,CNY
Index,CRB Index,Index Points,379.33,2.82,0.75,1.59,1.22,1.29,4.87,,Jan/08,2026-01-08 00:00:00,2026.0,1.0,8.0,2026-01-09,,CRB Index_Index Points_2026-01-08 00:00:00,Jan/08,Index Points
Livestock,Eggs CH,CNY/T,2989.0,2.0,0.07,0.81,-4.96,1.98,-13.36,T,Jan/09,2026-01-09 00:00:00,2026.0,1.0,9.0,2026-01-09,,Eggs CH_CNY_2026-01-09 00:00:00,Jan/09,CNY
Livestock,Eggs US,USD/Dozen,0.36,0.09,-20.28,-38.89,-80.89,-41.09,-93.98,Dozen,Jan/09,2026-01-09 00:00:00,2026.0,1.0,9.0,2026-01-09,0.36,Eggs US_USD_2026-01-09 00:00:00,Jan/09,USD
Livestock,Poultry,BRL/Kgs,7.69,0.09,-1.16,-5.06,-5.64,-5.53,-9.21,Kgs,Jan/07,2026-01-07 00:00:00,2026.0,1.0,7.0,2026-01-09,,Poultry_BRL_2026-01-07 00:00:00,Jan/07,BRL
Livestock,Beef,BRL/15KG,318.15,0.5,-0.16,-0.33,-1.23,-0.33,-1.71,15KG,Jan/07,2026-01-07 00:00:00,2026.0,1.0,7.0,2026-01-09,,Beef_BRL_2026-01-07 00:00:00,Jan/07,BRL
Livestock,Lean Hogs,USd/Lbs,85.5,0.375,-0.44,1.66,3.73,0.47,3.57,Lbs,Jan/09,2026-01-09 00:00:00,2026.0,1.0,9.0,2026-01-09,,Lean Hogs_USd_2026-01-09 00:00:00,Jan/09,USd
Livestock,Live Cattle,USd/Lbs,233.3,1.975,-0.84,-1.14,2.87,0.73,17.34,Lbs,Jan/09,2026-01-09 00:00:00,2026.0,1.0,9.0,2026-01-09,,Live Cattle_USd_2026-01-09 00:00:00,Jan/09,USd
Livestock,Feeder Cattle,USd/Lbs,360.6,1.875,-0.52,1.26,6.57,2.96,32.35,Lbs,Jan/09,2026-01-09 00:00:00,2026.0,1.0,9.0,2026-01-09,,Feeder Cattle_USd_2026-01-09 00:00:00,Jan/09,USd
Industrial,Kraft Pulp,CNY/T,5446.0,20.0,-0.37,-0.33,15.77,-0.55,-5.88,T,Jan/09,2026-01-09 00:00:00,2026.0,1.0,9.0,2026-01-09,,Kraft Pulp_CNY_2026-01-09 00:00:00,Jan/09,CNY
Industrial,Indium,CNY/Kg,3500.0,200.0,6.06,23.89,39.17,23.89,34.36,Kg,Jan/09,2026-01-09 00:00:00,2026.0,1.0,9.0,2026-01-09,,Indium_CNY_2026-01-09 00:00:00,Jan/09,CNY
Industrial,Manganese,CNY/mtu,31.05,0.0,0.0,2.64,3.33,2.64,8.0,mtu,Jan/09,2026-01-09 00:00:00,2026.0,1.0,9.0,2026-01-09,,Manganese_CNY_2026-01-09 00:00:00,Jan/09,CNY
Livestock,Salmon,NOK/KG,73.92,1.95,-2.57,-2.57,-11.12,-2.57,-12.2,KG,Jan/02,2026-01-02 00:00:00,2026.0,1.0,2.0,2026-01-09,,Salmon_NOK_2026-01-02 00:00:00,Jan/02,NOK
Agricultural,Potatoes,EUR/100KG,6.5,0.0,0.0,0.0,0.0,0.0,-78.96,100KG,Jan/09,2026-01-09 00:00:00,2026.0,1.0,9.0,2026-01-09,,Potatoes_EUR_2026-01-09 00:00:00,Jan/09,EUR
Metals,Iron Ore,USD/T,108.03,0.38,0.35,0.8,1.28,0.84,10.13,T,Jan/09,2026-01-09 00:00:00,2026.0,1.0,9.0,2026-01-09,108.03,Iron Ore_USD_2026-01-09 00:00:00,Jan/09,USD
Agricultural,Barley,INR/T,2285.0,15.5,-0.67,-0.33,0.46,-0.33,-6.01,T,Jan/07,2026-01-07 00:00:00,2026.0,1.0,7.0,2026-01-09,,Barley_INR_2026-01-07 00:00:00,Jan/07,INR
Metals,Steel,CNY/T,3128.0,17.0,0.55,1.96,1.66,1.03,-0.32,T,Jan/09,2026-01-09 00:00:00,2026.0,1.0,9.0,2026-01-09,,Steel_CNY_2026-01-09 00:00:00,Jan/09,CNY
Metals,Copper,USD/Lbs,5.844,0.0975,1.7,3.64,9.36,3.45,37.12,Lbs,Jan/09,2026-01-09 00:00:00,2026.0,1.0,9.0,2026-01-09,5.844,Copper_USD_2026-01-09 00:00:00,Jan/09,USD
Metals,Silver,USD/t.oz,79.784,2.828,3.68,9.87,29.13,11.96,162.66,t.oz,Jan/09,2026-01-09 00:00:00,2026.0,1.0,9.0,2026-01-09,79.784,Silver_USD_2026-01-09 00:00:00,Jan/09,USD
Metals,Gold,USD/t.oz,4509.82,31.47,0.7,4.1,6.73,4.4,67.93,t.oz,Jan/09,2026-01-09 00:00:00,2026.0,1.0,9.0,2026-01-09,4509.82,Gold_USD_2026-01-09 00:00:00,Jan/09,USD
Energy,Urals Oil,USD/Bbl,50.88,0.48,0.95,3.37,-3.82,0.87,-29.67,Bbl,Jan/08,2026-01-08 00:00:00,2026.0,1.0,8.0,2026-01-09,50.88,Urals Oil_USD_2026-01-08 00:00:00,Jan/08,USD
Energy,German Gas,EUR/MWh,29.74,0.58,2.0,-2.37,5.62,-0.86,-35.18,MWh,Jan/09,2026-01-09 00:00:00,2026.0,1.0,9.0,2026-01-09,,German Gas_EUR_2026-01-09 00:00:00,Jan/09,EUR
Energy,Coking Coal,USD/T,230.0,6.25,2.79,4.55,11.65,5.26,16.75,T,Jan/09,2026-01-09 00:00:00,2026.0,1.0,9.0,2026-01-09,230.0,Coking Coal_USD_2026-01-09 00:00:00,Jan/09,USD
Energy,Methanol,CNY/T,2210.0,15.0,0.68,0.87,7.65,0.91,-16.82,T,Jan/09,2026-01-09 00:00:00,2026.0,1.0,9.0,2026-01-09,,Methanol_CNY_2026-01-09 00:00:00,Jan/09,CNY
Energy,Propane,USD/Gal,0.63,0.0,0.67,1.62,-10.61,-1.37,-27.07,Gal,Jan/08,2026-01-08 00:00:00,2026.0,1.0,8.0,2026-01-09,0.63,Propane_USD_2026-01-08 00:00:00,Jan/08,USD
Energy,Uranium,USD/Lbs,81.95,0.15,0.18,0.37,7.12,0.37,11.95,Lbs,Jan/08,2026-01-08 00:00:00,2026.0,1.0,8.0,2026-01-09,81.95,Uranium_USD_2026-01-08 00:00:00,Jan/08,USD
Energy,Naphtha,USD/T,507.4,17.67,3.61,3.97,-1.77,3.9,-20.18,T,Jan/08,2026-01-08 00:00:00,2026.0,1.0,8.0,2026-01-09,507.4,Naphtha_USD_2026-01-08 00:00:00,Jan/08,USD
Energy,Ethanol,USD/Gal,1.59,0.005,-0.31,0.47,1.27,0.16,-2.15,Gal,Jan/08,2026-01-08 00:00:00,2026.0,1.0,8.0,2026-01-09,1.59,Ethanol_USD_2026-01-08 00:00:00,Jan/08,USD
Energy,UK Gas,GBp/thm,73.39,1.92,2.69,-3.13,5.29,-0.57,-35.57,thm,Jan/09,2026-01-09 00:00:00,2026.0,1.0,9.0,2026-01-09,,UK Gas_GBp_2026-01-09 00:00:00,Jan/09,GBp
Energy,TTF Gas,EUR/MWh,28.49,0.83,3.01,-1.76,7.11,1.18,-37.29,MWh,Jan/09,2026-01-09 00:00:00,2026.0,1.0,9.0,2026-01-09,,TTF Gas_EUR_2026-01-09 00:00:00,Jan/09,EUR
Energy,Coal,USD/T,107.4,0.5,0.47,0.8,-2.45,-0.09,-7.21,T,Jan/08,2026-01-08 00:00:00,2026.0,1.0,8.0,2026-01-09,107.4,Coal_USD_2026-01-08 00:00:00,Jan/08,USD
Energy,Heating Oil,USD/Gal,2.1292,0.0097,0.46,0.67,-6.33,0.36,-14.88,Gal,Jan/09,2026-01-09 00:00:00,2026.0,1.0,9.0,2026-01-09,2.1292,Heating Oil_USD_2026-01-09 00:00:00,Jan/09,USD
Energy,Gasoline,USD/Gal,1.7768,0.0015,-0.08,4.54,-0.64,3.85,-14.31,Gal,Jan/09,2026-01-09 00:00:00,2026.0,1.0,9.0,2026-01-09,1.7768,Gasoline_USD_2026-01-09 00:00:00,Jan/09,USD
Energy,Natural gas,USD/MMBtu,3.1553,0.2517,-7.39,-12.79,-31.33,-14.4,-20.9,MMBtu,Jan/09,2026-01-09 00:00:00,2026.0,1.0,9.0,2026-01-09,3.1553,Natural gas_USD_2026-01-09 00:00:00,Jan/09,USD
Energy,Brent,USD/Bbl,63.007,1.017,1.64,3.72,1.28,3.55,-21.0,Bbl,Jan/09,2026-01-09 00:00:00,2026.0,1.0,9.0,2026-01-09,63.007,Brent_USD_2026-01-09 00:00:00,Jan/09,USD
Energy,Crude Oil,USD/Bbl,58.785,1.025,1.77,2.56,0.56,2.38,-23.23,Bbl,Jan/09,2026-01-09 00:00:00,2026.0,1.0,9.0,2026-01-09,58.785,Crude Oil_USD_2026-01-09 00:00:00,Jan/09,USD
Electricity,Italy,EUR/MWh,127.19,1.49,-1.16,21.05,6.8,15.77,-2.68,MWh,Jan/09,2026-01-09 00:00:00,2026.0,1.0,9.0,2026-01-09,,Italy_EUR_2026-01-09 00:00:00,Jan/09,EUR
Metals,Lithium,CNY/T,140000.0,1500.0,1.08,17.15,51.02,18.14,84.94,T,Jan/09,2026-01-09 00:00:00,2026.0,1.0,9.0,2026-01-09,,Lithium_CNY_2026-01-09 00:00:00,Jan/09,CNY
Metals,Iron Ore CNY,CNY/T,820.5,11.0,1.36,3.34,6.98,3.93,6.77,T,Jan/09,2026-01-09 00:00:00,2026.0,1.0,9.0,2026-01-09,,Iron Ore CNY_CNY_2026-01-09 00:00:00,Jan/09,CNY
Metals,Platinum,USD/t.oz,2281.1,13.6,0.6,5.52,34.29,10.2,133.46,t.oz,Jan/09,2026-01-09 00:00:00,2026.0,1.0,9.0,2026-01-09,2281.1,Platinum_USD_2026-01-09 00:00:00,Jan/09,USD
Metals,HRC Steel,USD/T,940.08,2.08,0.22,0.01,3.76,0.54,33.53,T,Jan/09,2026-01-09 00:00:00,2026.0,1.0,9.0,2026-01-09,940.08,HRC Steel_USD_2026-01-09 00:00:00,Jan/09,USD
Agricultural,Rapeseed,EUR/T,470.53,1.04,0.22,4.16,-1.25,3.81,-13.15,T,Jan/09,2026-01-09 00:00:00,2026.0,1.0,9.0,2026-01-09,,Rapeseed_EUR_2026-01-09 00:00:00,Jan/09,EUR
Agricultural,Sunflower Oil,INR/10 kg,1466.2,0.9,0.06,1.48,2.4,1.67,15.91,10 kg,Jan/09,2026-01-09 00:00:00,2026.0,1.0,9.0,2026-01-09,,Sunflower Oil_INR_2026-01-09 00:00:00,Jan/09,INR
Agricultural,Tea,INR/Kgs,183.28,0.76,-0.41,-0.41,-3.26,7.77,7.77,Kgs,Dec/27,2026-12-27 00:00:00,2026.0,12.0,27.0,2026-01-09,,Tea_INR_2026-12-27 00:00:00,Dec/27,INR
Agricultural,Cocoa,USD/T,5312.22,764.78,-12.58,-9.52,-14.61,-12.41,-49.71,T,Jan/09,2026-01-09 00:00:00,2026.0,1.0,9.0,2026-01-09,5312.22,Cocoa_USD_2026-01-09 00:00:00,Jan/09,USD
Agricultural,Sugar,USd/Lbs,14.89,0.07,-0.49,1.97,-0.15,-0.82,-22.5,Lbs,Jan/09,2026-01-09 00:00:00,2026.0,1.0,9.0,2026-01-09,,Sugar_USd_2026-01-09 00:00:00,Jan/09,USd
Agricultural,Wool,AUD/100Kg,1541.0,0.0,0.0,0.0,1.31,0.0,33.54,100Kg,Jan/09,2026-01-09 00:00:00,2026.0,1.0,9.0,2026-01-09,,Wool_AUD_2026-01-09 00:00:00,Jan/09,AUD
Agricultural,Oat,USd/Bu,303.75,3.25,-1.06,1.93,3.85,0.41,-7.53,Bu,Jan/09,2026-01-09 00:00:00,2026.0,1.0,9.0,2026-01-09,,Oat_USd_2026-01-09 00:00:00,Jan/09,USd
Agricultural,Canola,CAD/T,623.21,2.69,-0.43,3.2,1.27,5.74,-0.52,T,Jan/09,2026-01-09 00:00:00,2026.0,1.0,9.0,2026-01-09,,Canola_CAD_2026-01-09 00:00:00,Jan/09,CAD
Agricultural,Rice,USD/cwt,9.9614,0.0264,0.27,5.92,0.27,3.82,-31.13,cwt,Jan/09,2026-01-09 00:00:00,2026.0,1.0,9.0,2026-01-09,9.9614,Rice_USD_2026-01-09 00:00:00,Jan/09,USD
Agricultural,Cotton,USd/Lbs,64.453,0.007,-0.01,0.69,0.52,0.29,-3.73,Lbs,Jan/09,2026-01-09 00:00:00,2026.0,1.0,9.0,2026-01-09,,Cotton_USd_2026-01-09 00:00:00,Jan/09,USd
Agricultural,Butter,EUR/T,4175.0,0.0,0.0,1.21,0.6,0.6,-43.7,T,Jan/09,2026-01-09 00:00:00,2026.0,1.0,9.0,2026-01-09,,Butter_EUR_2026-01-09 00:00:00,Jan/09,EUR
Agricultural,Coffee,USd/Lbs,355.94,16.57,-4.45,-0.38,-11.19,2.06,9.54,Lbs,Jan/09,2026-01-09 00:00:00,2026.0,1.0,9.0,2026-01-09,,Coffee_USd_2026-01-09 00:00:00,Jan/09,USd
Agricultural,Rubber,USD Cents / Kg,184.3,1.3,-0.7,1.43,7.59,2.45,-3.51, Kg,Jan/09,2026-01-09 00:00:00,2026.0,1.0,9.0,2026-01-09,,Rubber_USD Cents _2026-01-09 00:00:00,Jan/09,USD Cents 
Agricultural,Milk,USD/CWT,14.85,0.04,-0.27,-1.46,-6.95,-2.43,-26.45,CWT,Jan/09,2026-01-09 00:00:00,2026.0,1.0,9.0,2026-01-09,14.85,Milk_USD_2026-01-09 00:00:00,Jan/09,USD
Agricultural,Cheese,USD/Lbs,1.419,0.002,-0.14,-2.14,-7.07,-2.0,-24.12,Lbs,Jan/09,2026-01-09 00:00:00,2026.0,1.0,9.0,2026-01-09,1.419,Cheese_USD_2026-01-09 00:00:00,Jan/09,USD
Agricultural,Palm Oil,MYR/T,4038.0,4.0,-0.1,1.2,-0.57,-0.3,-8.08,T,Jan/09,2026-01-09 00:00:00,2026.0,1.0,9.0,2026-01-09,,Palm Oil_MYR_2026-01-09 00:00:00,Jan/09,MYR
Agricultural,Lumber,USD/1000 board feet,533.53,4.03,0.76,0.1,-3.26,-0.92,-3.44,1000 board feet,Jan/09,2026-01-09 00:00:00,2026.0,1.0,9.0,2026-01-09,533.53,Lumber_USD_2026-01-09 00:00:00,Jan/09,USD
Agricultural,Wheat,USd/Bu,518.25,0.25,0.05,2.32,-2.12,2.22,-2.36,Bu,Jan/09,2026-01-09 00:00:00,2026.0,1.0,9.0,2026-01-09,,Wheat_USd_2026-01-09 00:00:00,Jan/09,USd
Agricultural,Soybeans,USd/Bu,1049.0,2.0,0.19,1.89,-3.87,1.8,2.32,Bu,Jan/09,2026-01-09 00:00:00,2026.0,1.0,9.0,2026-01-09,,Soybeans_USd_2026-01-09 00:00:00,Jan/09,USd
Metals,Titanium,CNY/KG,45.0,0.0,0.0,-2.17,-1.1,-2.17,1.12,KG,Jan/09,2026-01-09 00:00:00,2026.0,1.0,9.0,2026-01-09,,Titanium_CNY_2026-01-09 00:00:00,Jan/09,CNY
Metals,Scrap Steel,USD/T,376.5,1.5,0.4,3.29,2.87,3.01,4.73,T,Jan/08,2026-01-08 00:00:00,2026.0,1.0,8.0,2026-01-09,376.5,Scrap Steel_USD_2026-01-08 00:00:00,Jan/08,USD
Metals,Silicon,CNY/T,8640.0,150.0,1.77,-0.69,4.73,-1.54,-20.3,T,Jan/09,2026-01-09 00:00:00,2026.0,1.0,9.0,2026-01-09,,Silicon_CNY_2026-01-09 00:00:00,Jan/09,CNY
Agricultural,Orange Juice,USd/Lbs,205.11,12.29,-5.65,1.74,37.89,-0.04,-58.51,Lbs,Jan/09,2026-01-09 00:00:00,2026.0,1.0,9.0,2026-01-09,,Orange Juice_USd_2026-01-09 00:00:00,Jan/09,USd
Electricity,Spain,EUR/MWh,53.4,27.98,-34.38,-35.62,-48.16,-45.41,-52.12,MWh,Jan/09,2026-01-09 00:00:00,2026.0,1.0,9.0,2026-01-09,,Spain_EUR_2026-01-09 00:00:00,Jan/09,EUR
,,,,,,,,,,,,,,,,,,,,
