id,commodity,category,unit,currency,price,price_usd,day_change,pct_change,weekly,monthly,ytd,yoy,date_full,scrape_date,created_at,day_change_ratio,pct_change_ratio,month,day_of_week,is_increasing,pct_change_category
396,Aluminum,Industrial,USD/T,nan,2958.9,2958.9,42.8,1.47,2.85,5.2,15.97,16.35,2025-12-21,2025-12-21,2025-12-29 22:34:46.402319,29.1156462585034,0.0147,12,6,1,Stable
342,Aluminum,Industrial,USD/T,nan,2958.9,2958.9,42.8,1.47,2.85,5.2,15.97,16.35,2025-12-20,2025-12-20,2025-12-29 22:34:46.402319,29.1156462585034,0.0147,12,5,1,Stable
1402,Aluminum,Industrial,USD/T,USD,3105.75,3105.75,28.1,-0.9,3.66,7.51,3.66,24.3,2026-01-07,2026-01-07,2026-01-07 10:16:49.372682,-31.22222222222222,-0.009000000000000001,1,2,0,Stable
496,Aluminum,Industrial,USD/T,nan,2956.95,2956.95,9.5,0.32,1.88,5.16,15.89,15.51,2025-12-28,2025-12-28,2025-12-29 22:34:46.402319,29.6875,0.0032,12,6,1,Stable
200,Aluminum,Industrial,USD/T,nan,2872.6,2872.6,4.4,-0.15,-0.56,2.02,12.58,12.08,2025-12-15,2025-12-15,2025-12-29 22:34:46.402319,-29.333333333333336,-0.0015,12,0,0,Stable
172,Aluminum,Industrial,USD/T,nan,2877.0,2877.0,26.85,-0.92,-1.11,-0.07,12.76,10.02,2025-12-14,2025-12-14,2025-12-29 22:34:46.402319,-29.184782608695652,-0.0092,12,6,0,Stable
629,Aluminum,Industrial,USD/T,USD,2951.15,2951.15,5.8,-0.2,0.28,2.03,15.66,15.69,2025-12-29,2025-12-29,2025-12-29 22:34:46.402319,-28.999999999999996,-0.002,12,0,0,Stable
100,Aluminum,Industrial,USD/T,nan,2877.0,2877.0,26.85,-0.92,-1.11,-0.07,12.76,10.02,2025-12-12,2025-12-14,2025-12-29 22:34:46.402319,-29.184782608695652,-0.0092,12,4,0,Stable
527,Barley,Agricultural,INR/T,nan,2299.5,,19.5,0.86,0.41,-0.39,-5.16,-4.64,2025-12-28,2025-12-28,2025-12-29 22:34:46.402319,22.674418604651162,0.0086,12,6,1,Stable
1396,Barley,Agricultural,INR/T,INR,2296.0,,4.0,0.17,-0.11,0.95,0.15,-4.81,2026-01-07,2026-01-07,2026-01-07 10:16:49.372682,23.52941176470588,0.0017000000000000001,1,2,1,Stable
229,Barley,Agricultural,INR/T,nan,2303.0,,12.5,0.55,0.77,0.0,-5.01,-4.18,2025-12-15,2025-12-15,2025-12-29 22:34:46.402319,22.727272727272727,0.0055000000000000005,12,0,1,Stable
427,Barley,Agricultural,INR/T,nan,2290.0,,2.0,0.09,-0.56,-0.43,-5.55,-4.82,2025-12-21,2025-12-21,2025-12-29 22:34:46.402319,22.22222222222222,0.0009,12,6,1,Stable
623,Barley,Agricultural,INR/T,INR,2299.5,,19.5,0.86,0.41,-0.39,-5.16,-4.64,2025-12-29,2025-12-29,2025-12-29 22:34:46.402319,22.674418604651162,0.0086,12,0,1,Stable
177,Barley,Agricultural,INR/T,nan,2303.0,,12.5,0.55,0.77,0.0,-5.01,-4.18,2025-12-12,2025-12-14,2025-12-29 22:34:46.402319,22.727272727272727,0.0055000000000000005,12,4,1,Stable
348,Barley,Agricultural,INR/T,nan,2288.0,,13.0,-0.57,-0.11,-0.54,-5.63,-4.69,2025-12-20,2025-12-20,2025-12-29 22:34:46.402319,-22.80701754385965,-0.005699999999999999,12,5,0,Stable
105,Beef,Livestock,BRL/15KG,nan,320.8,,0.1,-0.03,-0.4,-0.51,1.07,2.23,2025-12-12,2025-12-14,2025-12-29 22:34:46.402319,-3.3333333333333335,-0.0003,12,4,0,Stable
658,Beef,Livestock,BRL/15KG,BRL,319.5,,0.0,0.0,0.47,-0.56,0.66,0.36,2025-12-29,2025-12-29,2025-12-29 22:34:46.402319,,0.0,12,0,0,Stable
418,Beef,Livestock,BRL/15KG,nan,318.0,,0.0,0.0,-0.87,-1.38,0.19,0.92,2025-12-21,2025-12-21,2025-12-29 22:34:46.402319,,0.0,12,6,0,Stable
296,Beef,Livestock,BRL/15KG,nan,318.0,,0.0,0.0,-0.87,-1.38,0.19,0.92,2025-12-20,2025-12-20,2025-12-29 22:34:46.402319,,0.0,12,5,0,Stable
220,Beef,Livestock,BRL/15KG,nan,320.8,,0.1,-0.03,-0.4,-0.51,1.07,2.23,2025-12-15,2025-12-15,2025-12-29 22:34:46.402319,-3.3333333333333335,-0.0003,12,0,0,Stable
1431,Beef,Livestock,BRL/15KG,BRL,318.65,,0.15,0.05,-0.17,-1.07,-0.17,-1.19,2026-01-07,2026-01-07,2026-01-07 10:16:49.372682,2.9999999999999996,0.0005,1,2,1,Stable
517,Beef,Livestock,BRL/15KG,nan,319.5,,0.0,0.0,0.47,-0.56,0.66,0.36,2025-12-28,2025-12-28,2025-12-29 22:34:46.402319,,0.0,12,6,0,Stable
1399,Bitumen,Industrial,CNY/T,CNY,3160.0,,4.0,-0.13,4.08,6.94,4.08,-12.05,2026-01-07,2026-01-07,2026-01-07 10:16:49.372682,-30.769230769230766,-0.0013,1,2,0,Stable
74,Bitumen,Industrial,CNY/T,nan,2963.0,,59.0,2.03,0.3,-1.46,-19.68,-14.93,2025-12-14,2025-12-14,2025-12-29 22:34:46.402319,29.064039408866996,0.0203,12,6,1,Stable
626,Bitumen,Industrial,CNY/T,CNY,3029.0,,37.0,1.24,1.24,2.26,-17.89,-16.42,2025-12-29,2025-12-29,2025-12-29 22:34:46.402319,29.838709677419356,0.0124,12,0,1,Stable
183,Bitumen,Industrial,CNY/T,nan,2910.0,,53.0,-1.79,-1.52,-4.84,-21.12,-16.55,2025-12-15,2025-12-15,2025-12-29 22:34:46.402319,-29.608938547486034,-0.0179,12,0,0,Stable
107,Bitumen,Industrial,CNY/T,nan,2963.0,,59.0,2.03,0.3,-1.46,-19.68,-14.93,2025-12-12,2025-12-14,2025-12-29 22:34:46.402319,29.064039408866996,0.0203,12,4,1,Stable
480,Bitumen,Industrial,CNY/T,nan,2992.0,,17.0,-0.57,1.77,0.57,-18.89,-15.91,2025-12-28,2025-12-28,2025-12-29 22:34:46.402319,-29.824561403508774,-0.005699999999999999,12,6,0,Stable
344,Bitumen,Industrial,CNY/T,nan,2940.0,,4.0,0.14,-0.78,-3.86,-20.3,-16.81,2025-12-20,2025-12-20,2025-12-29 22:34:46.402319,28.57142857142857,0.0014000000000000002,12,5,1,Stable
378,Bitumen,Industrial,CNY/T,nan,2940.0,,4.0,0.14,-0.78,-3.86,-20.3,-16.81,2025-12-21,2025-12-21,2025-12-29 22:34:46.402319,28.57142857142857,0.0014000000000000002,12,6,1,Stable
1353,Brent,Energy,USD/Bbl,USD,60.191,60.191,0.509,-0.84,-1.08,-3.68,-1.08,-20.97,2026-01-07,2026-01-07,2026-01-07 10:16:49.372682,-0.605952380952381,-0.0084,1,2,0,Stable
255,Brent,Energy,USD/Bbl,nan,60.259,60.259,0.861,-1.41,-3.57,-6.14,-19.27,-18.47,2025-12-15,2025-12-15,2025-12-29 22:34:46.402319,-0.6106382978723405,-0.0141,12,0,0,Stable
580,Brent,Energy,USD/Bbl,USD,61.639,61.639,0.999,1.65,-0.69,-2.42,-17.42,-16.69,2025-12-29,2025-12-29,2025-12-29 22:34:46.402319,0.6054545454545455,0.0165,12,0,1,Stable
542,Brent,Energy,USD/Bbl,nan,60.64,60.64,1.624,-2.61,0.28,-3.04,-18.76,-17.82,2025-12-28,2025-12-28,2025-12-29 22:34:46.402319,-0.6222222222222223,-0.026099999999999998,12,6,0,Stable
162,Brent,Energy,USD/Bbl,nan,61.12,61.12,0.16,-0.26,-4.13,-3.0,-18.11,-17.95,2025-12-14,2025-12-14,2025-12-29 22:34:46.402319,-0.6153846153846154,-0.0026,12,6,0,Stable
446,Brent,Energy,USD/Bbl,nan,60.47,60.47,0.65,1.09,-1.06,-4.59,-18.98,-17.1,2025-12-21,2025-12-21,2025-12-29 22:34:46.402319,0.5963302752293578,0.0109,12,6,1,Stable
307,Brent,Energy,USD/Bbl,nan,60.47,60.47,0.65,1.09,-1.06,-4.59,-18.98,-17.1,2025-12-20,2025-12-20,2025-12-29 22:34:46.402319,0.5963302752293578,0.0109,12,5,1,Stable
152,Brent,Energy,USD/Bbl,nan,61.12,61.12,0.16,-0.26,-4.13,-3.0,-18.11,-17.95,2025-12-12,2025-12-14,2025-12-29 22:34:46.402319,-0.6153846153846154,-0.0026,12,4,0,Stable
195,Butter,Agricultural,EUR/T,nan,4163.0,,13.0,0.31,3.43,-18.71,-42.98,-40.74,2025-12-15,2025-12-15,2025-12-29 22:34:46.402319,41.935483870967744,0.0031,12,0,1,Stable
303,Butter,Agricultural,EUR/T,nan,4250.0,,13.0,-0.3,2.09,-17.07,-41.79,-39.75,2025-12-20,2025-12-20,2025-12-29 22:34:46.402319,-43.333333333333336,-0.003,12,5,0,Stable
528,Butter,Agricultural,EUR/T,nan,4188.0,,0.0,0.0,-0.33,-18.31,-42.64,-41.06,2025-12-28,2025-12-28,2025-12-29 22:34:46.402319,,0.0,12,6,0,Stable
1395,Butter,Agricultural,EUR/T,EUR,4130.0,,5.0,0.12,-0.48,0.12,-0.48,-43.45,2026-01-07,2026-01-07,2026-01-07 10:16:49.372682,41.66666666666667,0.0012,1,2,1,Stable
463,Butter,Agricultural,EUR/T,nan,4250.0,,13.0,-0.3,2.09,-17.07,-41.79,-39.75,2025-12-21,2025-12-21,2025-12-29 22:34:46.402319,-43.333333333333336,-0.003,12,6,0,Stable
622,Butter,Agricultural,EUR/T,EUR,4175.0,,13.0,-0.31,-1.18,-0.24,-42.82,-42.82,2025-12-29,2025-12-29,2025-12-29 22:34:46.402319,-41.935483870967744,-0.0031,12,0,0,Stable
99,Butter,Agricultural,EUR/T,nan,4163.0,,13.0,0.31,3.43,-18.71,-42.98,-40.74,2025-12-12,2025-12-14,2025-12-29 22:34:46.402319,41.935483870967744,0.0031,12,4,1,Stable
138,Canola,Agricultural,CAD/T,nan,606.5,,14.8,-2.38,-1.85,-6.82,-0.36,-0.92,2025-12-12,2025-12-14,2025-12-29 22:34:46.402319,-6.218487394957984,-0.023799999999999998,12,4,0,Stable
369,Canola,Agricultural,CAD/T,nan,581.6,,6.7,-1.14,-4.11,-10.55,-4.45,-4.45,2025-12-20,2025-12-20,2025-12-29 22:34:46.402319,-5.877192982456141,-0.011399999999999999,12,5,0,Stable
263,Canola,Agricultural,CAD/T,nan,603.89,,2.61,-0.43,-1.6,-7.83,-0.79,0.23,2025-12-15,2025-12-15,2025-12-29 22:34:46.402319,-6.069767441860465,-0.0043,12,0,0,Stable
614,Canola,Agricultural,CAD/T,CAD,590.41,,8.4,-1.4,-1.86,-8.77,-3.01,-3.43,2025-12-29,2025-12-29,2025-12-29 22:34:46.402319,-6.000000000000001,-0.013999999999999999,12,0,0,Stable
1387,Canola,Agricultural,CAD/T,CAD,618.25,,4.35,0.71,4.89,0.74,4.89,0.72,2026-01-07,2026-01-07,2026-01-07 10:16:49.372682,6.126760563380281,0.0070999999999999995,1,2,1,Stable
561,Canola,Agricultural,CAD/T,nan,598.81,,0.29,-0.05,2.96,-8.1,-1.63,-4.15,2025-12-28,2025-12-28,2025-12-29 22:34:46.402319,-5.799999999999999,-0.0005,12,6,0,Stable
87,Canola,Agricultural,CAD/T,nan,606.5,,14.8,-2.38,-1.85,-6.82,-0.36,-0.92,2025-12-14,2025-12-14,2025-12-29 22:34:46.402319,-6.218487394957984,-0.023799999999999998,12,6,0,Stable
465,Canola,Agricultural,CAD/T,nan,581.6,,6.7,-1.14,-4.11,-10.55,-4.45,-4.45,2025-12-21,2025-12-21,2025-12-29 22:34:46.402319,-5.877192982456141,-0.011399999999999999,12,6,0,Stable
607,Cheese,Agricultural,USD/Lbs,USD,1.528,1.528,0.003,0.2,0.66,-0.46,-19.62,-20.21,2025-12-29,2025-12-29,2025-12-29 22:34:46.402319,0.015,0.002,12,0,1,Stable
476,Cheese,Agricultural,USD/Lbs,nan,1.521,1.521,0.002,-0.13,-0.33,-13.09,-19.99,-17.96,2025-12-21,2025-12-21,2025-12-29 22:34:46.402319,-0.015384615384615384,-0.0013,12,6,0,Stable
34,Cheese,Agricultural,USD/Lbs,nan,1.526,1.526,0.002,0.13,-0.59,-12.65,-19.73,-17.69,2025-12-12,2025-12-14,2025-12-29 22:34:46.402319,0.015384615384615384,0.0013,12,4,1,Stable
370,Cheese,Agricultural,USD/Lbs,nan,1.521,1.521,0.002,-0.13,-0.33,-13.09,-19.99,-17.96,2025-12-20,2025-12-20,2025-12-29 22:34:46.402319,-0.015384615384615384,-0.0013,12,5,0,Stable
567,Cheese,Agricultural,USD/Lbs,nan,1.525,1.525,0.0019,0.12,0.26,-0.65,-19.78,-18.97,2025-12-28,2025-12-28,2025-12-29 22:34:46.402319,0.015833333333333335,0.0012,12,6,1,Stable
81,Cheese,Agricultural,USD/Lbs,nan,1.526,1.526,0.002,0.13,-0.59,-12.65,-19.73,-17.69,2025-12-14,2025-12-14,2025-12-29 22:34:46.402319,0.015384615384615384,0.0013,12,6,1,Stable
272,Cheese,Agricultural,USD/Lbs,nan,1.5241,1.5241,0.0019,-0.12,0.01,-12.86,-19.83,-19.57,2025-12-15,2025-12-15,2025-12-29 22:34:46.402319,-0.015833333333333335,-0.0012,12,0,0,Stable
1380,Cheese,Agricultural,USD/Lbs,USD,1.4421,1.4421,0.0019,-0.13,-0.41,-5.37,-0.41,-25.86,2026-01-07,2026-01-07,2026-01-07 10:16:49.372682,-0.014615384615384615,-0.0013,1,2,0,Stable
546,Coal,Energy,USD/T,nan,109.0,109.0,3.1,2.93,0.37,-1.93,-12.97,-12.8,2025-12-28,2025-12-28,2025-12-29 22:34:46.402319,1.0580204778156996,0.029300000000000003,12,6,1,Stable
4,Coal,Energy,USD/T,nan,108.75,108.75,0.65,-0.59,0.23,-0.68,-13.17,-18.23,2025-12-14,2025-12-14,2025-12-29 22:34:46.402319,-1.1016949152542375,-0.0059,12,6,0,Stable
305,Coal,Energy,USD/T,nan,108.3,108.3,0.3,-0.28,-0.41,-2.43,-13.53,-15.23,2025-12-20,2025-12-20,2025-12-29 22:34:46.402319,-1.0714285714285714,-0.0028000000000000004,12,5,0,Stable
452,Coal,Energy,USD/T,nan,108.3,108.3,0.3,-0.28,-0.41,-2.43,-13.53,-15.23,2025-12-21,2025-12-21,2025-12-29 22:34:46.402319,-1.0714285714285714,-0.0028000000000000004,12,6,0,Stable
576,Coal,Energy,USD/T,USD,109.05,109.05,0.05,0.05,0.6,-0.55,-12.93,-12.76,2025-12-29,2025-12-29,2025-12-29 22:34:46.402319,1.0,0.0005,12,0,1,Stable
43,Coal,Energy,USD/T,nan,108.75,108.75,0.65,-0.59,0.23,-0.68,-13.17,-18.23,2025-12-11,2025-12-14,2025-12-29 22:34:46.402319,-1.1016949152542375,-0.0059,12,3,0,Stable
1349,Coal,Energy,USD/T,USD,107.25,107.25,1.05,0.99,0.56,-2.94,-0.23,-9.34,2026-01-07,2026-01-07,2026-01-07 10:16:49.372682,1.0606060606060606,0.009899999999999999,1,2,1,Stable
242,Coal,Energy,USD/T,nan,108.5,108.5,0.25,-0.23,-1.59,-0.96,-13.37,-17.02,2025-12-15,2025-12-15,2025-12-29 22:34:46.402319,-1.0869565217391304,-0.0023,12,0,0,Stable
627,Cobalt,Industrial,USD/T,USD,52790.0,52790.0,0.0,0.0,0.0,8.69,117.24,117.24,2025-12-29,2025-12-29,2025-12-29 22:34:46.402319,,0.0,12,0,0,Stable
343,Cobalt,Industrial,USD/T,nan,52790.0,52790.0,0.0,0.0,0.0,8.69,117.24,117.24,2025-12-20,2025-12-20,2025-12-29 22:34:46.402319,,0.0,12,5,0,Stable
112,Cobalt,Industrial,USD/T,nan,52790.0,52790.0,570.0,1.09,5.51,8.69,117.24,117.24,2025-12-11,2025-12-14,2025-12-29 22:34:46.402319,522.9357798165137,0.0109,12,3,1,Stable
167,Cobalt,Industrial,USD/T,nan,52790.0,52790.0,570.0,1.09,5.51,8.69,117.24,117.24,2025-12-14,2025-12-14,2025-12-29 22:34:46.402319,522.9357798165137,0.0109,12,6,1,Stable
386,Cobalt,Industrial,USD/T,nan,52790.0,52790.0,0.0,0.0,0.0,8.69,117.24,117.24,2025-12-21,2025-12-21,2025-12-29 22:34:46.402319,,0.0,12,6,0,Stable
502,Cobalt,Industrial,USD/T,nan,52790.0,52790.0,0.0,0.0,0.0,8.69,117.24,117.24,2025-12-28,2025-12-28,2025-12-29 22:34:46.402319,,0.0,12,6,0,Stable
1400,Cobalt,Industrial,USD/T,USD,54835.0,54835.0,1480.0,2.77,3.87,5.01,2.77,125.66,2026-01-07,2026-01-07,2026-01-07 10:16:49.372682,534.2960288808664,0.0277,1,2,1,Stable
187,Cobalt,Industrial,USD/T,nan,52790.0,52790.0,0.0,0.0,2.54,8.69,117.24,117.24,2025-12-15,2025-12-15,2025-12-29 22:34:46.402319,,0.0,12,0,0,Stable
557,Cocoa,Agricultural,USD/T,nan,5953.0,5953.0,30.22,-0.51,1.85,17.46,-48.25,-39.68,2025-12-28,2025-12-28,2025-12-29 22:34:46.402319,-59.25490196078431,-0.0051,12,6,0,Stable
166,Cocoa,Agricultural,USD/T,nan,6226.0,6226.0,9.0,-0.14,10.33,13.47,-45.88,-44.74,2025-12-12,2025-12-14,2025-12-29 22:34:46.402319,-64.28571428571428,-0.0014000000000000002,12,4,0,Stable
1391,Cocoa,Agricultural,USD/T,USD,5989.49,5989.49,35.49,0.6,-1.25,6.05,-1.25,-46.39,2026-01-07,2026-01-07,2026-01-07 10:16:49.372682,59.150000000000006,0.006,1,2,1,Stable
457,Cocoa,Agricultural,USD/T,nan,5845.0,5845.0,89.0,-1.5,-6.91,14.43,-49.19,-50.75,2025-12-21,2025-12-21,2025-12-29 22:34:46.402319,-59.333333333333336,-0.015,12,6,0,Stable
260,Cocoa,Agricultural,USD/T,nan,5860.0,5860.0,419.0,-6.67,3.75,11.32,-49.06,-49.9,2025-12-15,2025-12-15,2025-12-29 22:34:46.402319,-62.818590704647676,-0.0667,12,0,0,Decrease
17,Cocoa,Agricultural,USD/T,nan,6226.0,6226.0,9.0,-0.14,10.33,13.47,-45.88,-44.74,2025-12-14,2025-12-14,2025-12-29 22:34:46.402319,-64.28571428571428,-0.0014000000000000002,12,6,0,Stable
618,Cocoa,Agricultural,USD/T,USD,6249.73,6249.73,296.73,4.98,6.16,14.55,-45.67,-44.3,2025-12-29,2025-12-29,2025-12-29 22:34:46.402319,59.584337349397586,0.049800000000000004,12,0,1,Stable
345,Cocoa,Agricultural,USD/T,nan,5845.0,5845.0,89.0,-1.5,-6.91,14.43,-49.19,-50.75,2025-12-20,2025-12-20,2025-12-29 22:34:46.402319,-59.333333333333336,-0.015,12,5,0,Stable
1384,Coffee,Agricultural,USd/Lbs,USd,372.12,,0.1,0.03,6.7,-6.04,6.7,16.06,2026-01-07,2026-01-07,2026-01-07 10:16:49.372682,3.3333333333333335,0.0003,1,2,1,Stable
563,Coffee,Agricultural,USd/Lbs,nan,348.37,,3.22,0.93,2.27,-15.65,8.7,8.27,2025-12-28,2025-12-28,2025-12-29 22:34:46.402319,3.4623655913978495,0.009300000000000001,12,6,1,Stable
143,Coffee,Agricultural,USd/Lbs,nan,395.1,,10.35,-2.55,-2.74,-1.64,23.28,24.61,2025-12-12,2025-12-14,2025-12-29 22:34:46.402319,-4.0588235294117645,-0.0255,12,4,0,Stable
451,Coffee,Agricultural,USd/Lbs,nan,341.2,,3.9,-1.13,-14.1,-16.06,6.46,5.53,2025-12-21,2025-12-21,2025-12-29 22:34:46.402319,-3.4513274336283186,-0.0113,12,6,0,Stable
84,Coffee,Agricultural,USd/Lbs,nan,395.1,,10.35,-2.55,-2.74,-1.64,23.28,24.61,2025-12-14,2025-12-14,2025-12-29 22:34:46.402319,-4.0588235294117645,-0.0255,12,6,0,Stable
611,Coffee,Agricultural,USd/Lbs,USd,351.15,,0.9,0.26,1.09,-14.67,9.56,10.2,2025-12-29,2025-12-29,2025-12-29 22:34:46.402319,3.4615384615384617,0.0026,12,0,1,Stable
266,Coffee,Agricultural,USd/Lbs,nan,384.41,,12.79,-3.22,-2.94,-4.51,19.94,18.58,2025-12-15,2025-12-15,2025-12-29 22:34:46.402319,-3.9720496894409933,-0.0322,12,0,0,Stable
373,Coffee,Agricultural,USd/Lbs,nan,341.2,,3.9,-1.13,-14.1,-16.06,6.46,5.53,2025-12-20,2025-12-20,2025-12-29 22:34:46.402319,-3.4513274336283186,-0.0113,12,5,0,Stable
435,Coking Coal,Energy,USD/T,nan,216.5,216.5,0.5,-0.23,4.09,9.34,7.18,6.65,2025-12-21,2025-12-21,2025-12-29 22:34:46.402319,-2.1739130434782608,-0.0023,12,6,0,Stable
590,Coking Coal,Energy,USD/T,USD,218.0,218.0,0.0,0.0,0.69,10.38,7.92,8.19,2025-12-29,2025-12-29,2025-12-29 22:34:46.402319,,0.0,12,0,0,Stable
535,Coking Coal,Energy,USD/T,nan,218.0,218.0,0.0,0.0,0.69,10.38,7.92,8.19,2025-12-28,2025-12-28,2025-12-29 22:34:46.402319,,0.0,12,6,0,Stable
178,Coking Coal,Energy,USD/T,nan,207.0,207.0,0.25,-0.12,-0.72,3.76,2.48,-0.36,2025-12-12,2025-12-14,2025-12-29 22:34:46.402319,-2.0833333333333335,-0.0012,12,4,0,Stable
320,Coking Coal,Energy,USD/T,nan,216.5,216.5,0.5,-0.23,4.09,9.34,7.18,6.65,2025-12-20,2025-12-20,2025-12-29 22:34:46.402319,-2.1739130434782608,-0.0023,12,5,0,Stable
1363,Coking Coal,Energy,USD/T,USD,221.5,221.5,2.0,-0.89,1.37,8.22,1.37,12.44,2026-01-07,2026-01-07,2026-01-07 10:16:49.372682,-2.247191011235955,-0.0089,1,2,0,Stable
236,Coking Coal,Energy,USD/T,nan,211.25,211.25,4.25,2.05,3.21,6.07,4.58,1.56,2025-12-15,2025-12-15,2025-12-29 22:34:46.402319,2.073170731707317,0.020499999999999997,12,0,1,Stable
66,Coking Coal,Energy,USD/T,nan,207.0,207.0,0.25,-0.12,-0.72,3.76,2.48,-0.36,2025-12-14,2025-12-14,2025-12-29 22:34:46.402319,-2.0833333333333335,-0.0012,12,6,0,Stable
1439,Containerized Freight Index,Index,Points,Points,1656.32,,0.0,0.0,0.0,18.51,0.0,-33.88,2026-01-07,2026-01-07,2026-01-07 10:16:49.372682,,0.0,1,2,0,Stable
412,Containerized Freight Index,Index,Points,nan,1552.92,,46.45,3.08,3.08,7.0,-36.88,-35.03,2025-12-21,2025-12-21,2025-12-29 22:34:46.402319,15.081168831168831,0.0308,12,6,1,Stable
357,Containerized Freight Index,Index,Points,nan,1552.92,,46.45,3.08,3.08,7.0,-36.88,-35.03,2025-12-20,2025-12-20,2025-12-29 22:34:46.402319,15.081168831168831,0.0308,12,5,1,Stable
666,Containerized Freight Index,Index,Points,Points,1656.32,,0.0,0.0,6.66,18.04,-32.68,-32.68,2025-12-29,2025-12-29,2025-12-29 22:34:46.402319,,0.0,12,0,0,Stable
65,Containerized Freight Index,Index,Points,nan,1506.46,,108.83,7.79,7.79,0.76,-38.77,-36.82,2025-12-14,2025-12-14,2025-12-29 22:34:46.402319,13.970474967907574,0.0779,12,6,1,Increase
208,Containerized Freight Index,Index,Points,nan,1506.46,,0.0,0.0,7.79,3.8,-38.77,-36.82,2025-12-15,2025-12-15,2025-12-29 22:34:46.402319,,0.0,12,0,0,Stable
124,Containerized Freight Index,Index,Points,nan,1506.46,,108.83,7.79,7.79,0.76,-38.77,-36.82,2025-12-12,2025-12-14,2025-12-29 22:34:46.402319,13.970474967907574,0.0779,12,4,1,Increase
510,Containerized Freight Index,Index,Points,nan,1656.32,,103.4,6.66,6.66,18.86,-32.68,-32.68,2025-12-28,2025-12-28,2025-12-29 22:34:46.402319,15.525525525525525,0.0666,12,6,1,Increase
530,Copper,Metals,USD/Lbs,nan,5.7744,5.7744,0.1661,2.96,6.71,13.73,45.09,41.67,2025-12-28,2025-12-28,2025-12-29 22:34:46.402319,0.05611486486486487,0.0296,12,6,1,Stable
595,Copper,Metals,USD/Lbs,USD,5.5087,5.5087,0.2578,-4.47,1.21,6.49,38.41,36.17,2025-12-29,2025-12-29,2025-12-29 22:34:46.402319,-0.05767337807606264,-0.0447,12,0,0,Stable
316,Copper,Metals,USD/Lbs,nan,5.4111,5.4111,0.0589,1.1,2.47,9.11,35.96,34.09,2025-12-20,2025-12-20,2025-12-29 22:34:46.402319,0.05354545454545454,0.011000000000000001,12,5,1,Stable
254,Copper,Metals,USD/Lbs,nan,5.3433,5.3433,0.0624,1.18,-0.14,7.4,34.26,28.9,2025-12-15,2025-12-15,2025-12-29 22:34:46.402319,0.05288135593220339,0.0118,12,0,1,Stable
1368,Copper,Metals,USD/Lbs,USD,5.9188,5.9188,0.0934,-1.55,4.95,10.61,4.95,39.82,2026-01-07,2026-01-07,2026-01-07 10:16:49.372682,-0.06025806451612903,-0.0155,1,2,0,Stable
440,Copper,Metals,USD/Lbs,nan,5.4111,5.4111,0.0589,1.1,2.47,9.11,35.96,34.09,2025-12-21,2025-12-21,2025-12-29 22:34:46.402319,0.05354545454545454,0.011000000000000001,12,6,1,Stable
50,Copper,Metals,USD/Lbs,nan,5.2809,5.2809,0.1325,-2.45,-1.75,4.66,32.69,27.38,2025-12-14,2025-12-14,2025-12-29 22:34:46.402319,-0.05408163265306122,-0.0245,12,6,0,Stable
26,Copper,Metals,USD/Lbs,nan,5.2809,5.2809,0.1325,-2.45,-1.75,4.66,32.69,27.38,2025-12-12,2025-12-14,2025-12-29 22:34:46.402319,-0.05408163265306122,-0.0245,12,4,0,Stable
61,Corn,Agricultural,USd/BU,nan,440.5,,6.0,-1.34,0.86,-0.23,-3.93,-0.34,2025-12-14,2025-12-14,2025-12-29 22:34:46.402319,-4.477611940298507,-0.0134,12,6,0,Stable
346,Corn,Agricultural,USd/BU,nan,443.25,,1.25,-0.28,0.57,3.93,-3.33,-0.67,2025-12-20,2025-12-20,2025-12-29 22:34:46.402319,-4.4642857142857135,-0.0028000000000000004,12,5,0,Stable
209,Corn,Agricultural,USd/BU,nan,437.6783,,3.0717,-0.7,0.33,0.67,-4.54,-1.65,2025-12-15,2025-12-15,2025-12-29 22:34:46.402319,-4.388142857142857,-0.006999999999999999,12,0,0,Stable
413,Corn,Agricultural,USd/BU,nan,443.25,,1.25,-0.28,0.57,3.93,-3.33,-0.67,2025-12-21,2025-12-21,2025-12-29 22:34:46.402319,-4.4642857142857135,-0.0028000000000000004,12,6,0,Stable
96,Corn,Agricultural,USd/BU,nan,440.5,,6.0,-1.34,0.86,-0.23,-3.93,-0.34,2025-12-12,2025-12-14,2025-12-29 22:34:46.402319,-4.477611940298507,-0.0134,12,4,0,Stable
1397,Corn,Agricultural,USd/BU,USd,445.071,,1.071,0.24,1.1,2.02,1.1,-1.97,2026-01-07,2026-01-07,2026-01-07 10:16:49.372682,4.4625,0.0024,1,2,1,Stable
624,Corn,Agricultural,USd/BU,USd,442.1359,,7.8641,-1.75,-1.09,2.17,-3.57,-2.24,2025-12-29,2025-12-29,2025-12-29 22:34:46.402319,-4.493771428571429,-0.0175,12,0,0,Stable
523,Corn,Agricultural,USd/BU,nan,449.537,,1.1168,-0.25,1.3,4.06,-1.95,-0.98,2025-12-28,2025-12-28,2025-12-29 22:34:46.402319,-4.4672,-0.0025,12,6,0,Stable
1385,Cotton,Agricultural,USd/Lbs,USd,65.581,,0.441,0.68,2.04,2.99,2.04,-3.82,2026-01-07,2026-01-07,2026-01-07 10:16:49.372682,0.6485294117647058,0.0068000000000000005,1,2,1,Stable
553,Cotton,Agricultural,USd/Lbs,nan,64.458,,0.255,0.4,1.11,2.46,-5.72,-6.3,2025-12-28,2025-12-28,2025-12-29 22:34:46.402319,0.6375,0.004,12,6,1,Stable
69,Cotton,Agricultural,USd/Lbs,nan,63.817,,0.154,-0.24,-0.18,1.46,-6.66,-7.93,2025-12-14,2025-12-14,2025-12-29 22:34:46.402319,-0.6416666666666667,-0.0024,12,6,0,Stable
232,Cotton,Agricultural,USd/Lbs,nan,63.957,,0.127,0.2,0.44,2.56,-6.45,-7.36,2025-12-15,2025-12-15,2025-12-29 22:34:46.402319,0.635,0.002,12,0,1,Stable
85,Cotton,Agricultural,USd/Lbs,nan,63.817,,0.154,-0.24,-0.18,1.46,-6.66,-7.93,2025-12-12,2025-12-14,2025-12-29 22:34:46.402319,-0.6416666666666667,-0.0024,12,4,0,Stable
372,Cotton,Agricultural,USd/Lbs,nan,63.641,,0.131,0.21,-0.3,3.18,-6.91,-6.56,2025-12-20,2025-12-20,2025-12-29 22:34:46.402319,0.6238095238095238,0.0021,12,5,1,Stable
612,Cotton,Agricultural,USd/Lbs,USd,64.305,,0.153,-0.24,1.09,2.35,-5.94,-6.08,2025-12-29,2025-12-29,2025-12-29 22:34:46.402319,-0.6375000000000001,-0.0024,12,0,0,Stable
462,Cotton,Agricultural,USd/Lbs,nan,63.641,,0.131,0.21,-0.3,3.18,-6.91,-6.56,2025-12-21,2025-12-21,2025-12-29 22:34:46.402319,0.6238095238095238,0.0021,12,6,1,Stable
499,CRB Index,Index,Index Points,nan,376.4,,1.16,-0.31,1.88,-0.07,5.49,7.42,2025-12-28,2025-12-28,2025-12-29 22:34:46.402319,-3.7419354838709675,-0.0031,12,6,0,Stable
673,CRB Index,Index,Index Points,Index Poin,376.4,,1.16,-0.31,1.88,-0.07,5.49,7.42,2025-12-29,2025-12-29,2025-12-29 22:34:46.402319,-3.7419354838709675,-0.0031,12,0,0,Stable
125,CRB Index,Index,Index Points,nan,373.19,,3.08,-0.82,-2.44,-1.04,4.59,5.8,2025-12-12,2025-12-14,2025-12-29 22:34:46.402319,-3.75609756097561,-0.008199999999999999,12,4,0,Stable
1446,CRB Index,Index,Index Points,Index Poin,378.86,,0.78,-0.2,0.15,0.49,1.16,5.19,2026-01-07,2026-01-07,2026-01-07 10:16:49.372682,-3.9,-0.002,1,2,0,Stable
227,CRB Index,Index,Index Points,nan,373.19,,3.08,-0.82,-2.44,-1.04,4.59,5.8,2025-12-15,2025-12-15,2025-12-29 22:34:46.402319,-3.75609756097561,-0.008199999999999999,12,0,0,Stable
359,CRB Index,Index,Index Points,nan,369.47,,2.41,0.66,-1.0,-0.55,3.55,5.29,2025-12-20,2025-12-20,2025-12-29 22:34:46.402319,3.6515151515151514,0.0066,12,5,1,Stable
404,CRB Index,Index,Index Points,nan,369.47,,2.41,0.66,-1.0,-0.55,3.55,5.29,2025-12-21,2025-12-21,2025-12-29 22:34:46.402319,3.6515151515151514,0.0066,12,6,1,Stable
203,Crude Oil,Energy,USD/Bbl,nan,56.607,56.607,0.833,-1.45,-3.86,-5.43,-21.07,-19.47,2025-12-15,2025-12-15,2025-12-29 22:34:46.402319,-0.5744827586206896,-0.014499999999999999,12,0,0,Stable
483,Crude Oil,Energy,USD/Bbl,nan,56.74,56.74,1.663,-2.85,0.39,-3.26,-20.89,-19.63,2025-12-28,2025-12-28,2025-12-29 22:34:46.402319,-0.5835087719298245,-0.0285,12,6,0,Stable
1,Crude Oil,Energy,USD/Bbl,nan,57.53,57.53,0.07,-0.12,-4.24,-1.98,-19.79,-19.3,2025-12-12,2025-12-14,2025-12-29 22:34:46.402319,-0.5833333333333334,-0.0012,12,4,0,Stable
426,Crude Oil,Energy,USD/Bbl,nan,56.52,56.52,0.52,0.93,-1.6,-4.2,-21.19,-18.63,2025-12-21,2025-12-21,2025-12-29 22:34:46.402319,0.5591397849462365,0.009300000000000001,12,6,1,Stable
308,Crude Oil,Energy,USD/Bbl,nan,56.52,56.52,0.52,0.93,-1.6,-4.2,-21.19,-18.63,2025-12-20,2025-12-20,2025-12-29 22:34:46.402319,0.5591397849462365,0.009300000000000001,12,5,1,Stable
1354,Crude Oil,Energy,USD/Bbl,USD,56.469,56.469,0.661,-1.16,-1.66,-4.09,-1.66,-22.98,2026-01-07,2026-01-07,2026-01-07 10:16:49.372682,-0.5698275862068967,-0.0116,1,2,0,Stable
45,Crude Oil,Energy,USD/Bbl,nan,57.44,57.44,0.16,-0.28,-4.39,-2.13,-19.91,-19.43,2025-12-14,2025-12-14,2025-12-29 22:34:46.402319,-0.5714285714285714,-0.0028000000000000004,12,6,0,Stable
581,Crude Oil,Energy,USD/Bbl,USD,57.82,57.82,1.08,1.9,-0.33,-2.53,-19.38,-18.55,2025-12-29,2025-12-29,2025-12-29 22:34:46.402319,0.568421052631579,0.019,12,0,1,Stable
146,Di-ammonium,Industrial,USD/T,nan,622.5,622.5,2.5,-0.4,1.47,-14.73,7.79,9.6,2025-12-12,2025-12-14,2025-12-29 22:34:46.402319,-6.25,-0.004,12,4,0,Stable
1415,Di-ammonium,Industrial,USD/T,USD,625.0,625.0,0.0,0.0,0.0,1.87,0.0,7.76,2026-01-07,2026-01-07,2026-01-07 10:16:49.372682,,0.0,1,2,0,Stable
225,Di-ammonium,Industrial,USD/T,nan,622.5,622.5,2.5,-0.4,1.47,-14.73,7.79,9.6,2025-12-15,2025-12-15,2025-12-29 22:34:46.402319,-6.25,-0.004,12,0,0,Stable
294,Di-ammonium,Industrial,USD/T,nan,625.0,625.0,0.0,0.0,0.0,-6.02,8.23,9.27,2025-12-20,2025-12-20,2025-12-29 22:34:46.402319,,0.0,12,5,0,Stable
385,Di-ammonium,Industrial,USD/T,nan,625.0,625.0,0.0,0.0,0.0,-6.02,8.23,9.27,2025-12-21,2025-12-21,2025-12-29 22:34:46.402319,,0.0,12,6,0,Stable
482,Di-ammonium,Industrial,USD/T,nan,625.0,625.0,0.0,0.0,0.0,-2.34,8.23,8.23,2025-12-28,2025-12-28,2025-12-29 22:34:46.402319,,0.0,12,6,0,Stable
642,Di-ammonium,Industrial,USD/T,USD,625.0,625.0,0.0,0.0,0.0,-2.34,8.23,8.23,2025-12-29,2025-12-29,2025-12-29 22:34:46.402319,,0.0,12,0,0,Stable
662,Eggs CH,Livestock,CNY/T,CNY,2939.0,,150.0,-4.86,-3.89,-9.23,-16.53,-17.88,2025-12-29,2025-12-29,2025-12-29 22:34:46.402319,-30.864197530864196,-0.048600000000000004,12,0,0,Stable
500,Eggs CH,Livestock,CNY/T,nan,3089.0,,5.0,0.16,0.68,-5.51,-12.27,-14.81,2025-12-28,2025-12-28,2025-12-29 22:34:46.402319,31.25,0.0016,12,6,1,Stable
217,Eggs CH,Livestock,CNY/T,nan,3108.0,,24.0,0.78,-1.4,11.0,-11.73,-31.6,2025-12-15,2025-12-15,2025-12-29 22:34:46.402319,30.769230769230766,0.0078000000000000005,12,0,1,Stable
118,Eggs CH,Livestock,CNY/T,nan,3084.0,,67.0,-2.13,-1.38,1.41,-12.41,-30.73,2025-12-12,2025-12-14,2025-12-29 22:34:46.402319,-31.455399061032864,-0.0213,12,4,0,Stable
398,Eggs CH,Livestock,CNY/T,nan,3068.0,,1.0,-0.03,-0.52,3.61,-12.87,-32.48,2025-12-21,2025-12-21,2025-12-29 22:34:46.402319,-33.333333333333336,-0.0003,12,6,0,Stable
72,Eggs CH,Livestock,CNY/T,nan,3084.0,,67.0,-2.13,-1.38,1.41,-12.41,-30.73,2025-12-14,2025-12-14,2025-12-29 22:34:46.402319,-31.455399061032864,-0.0213,12,6,0,Stable
1435,Eggs CH,Livestock,CNY/T,CNY,2977.0,,3.0,0.1,1.57,-5.55,1.57,-12.93,2026-01-07,2026-01-07,2026-01-07 10:16:49.372682,30.0,0.001,1,2,1,Stable
361,Eggs CH,Livestock,CNY/T,nan,3068.0,,1.0,-0.03,-0.52,3.61,-12.87,-32.48,2025-12-20,2025-12-20,2025-12-29 22:34:46.402319,-33.333333333333336,-0.0003,12,5,0,Stable
71,Eggs US,Livestock,USD/Dozen,nan,1.45,1.45,0.32,-17.93,-24.13,-28.7,-75.01,-62.08,2025-12-14,2025-12-14,2025-12-29 22:34:46.402319,-0.01784718349135527,-0.1793,12,6,0,Decrease
1433,Eggs US,Livestock,USD/Dozen,USD,0.51,0.51,0.04,-7.77,-24.37,-72.8,-16.51,-91.47,2026-01-07,2026-01-07,2026-01-07 10:16:49.372682,-0.005148005148005149,-0.07769999999999999,1,2,0,Decrease
366,Eggs US,Livestock,USD/Dozen,nan,1.01,1.01,0.03,-2.94,-30.32,-54.72,-82.58,-77.71,2025-12-20,2025-12-20,2025-12-29 22:34:46.402319,-0.01020408163265306,-0.0294,12,5,0,Stable
515,Eggs US,Livestock,USD/Dozen,nan,0.73,0.73,0.16,-17.45,-27.51,-68.04,-87.38,-86.83,2025-12-28,2025-12-28,2025-12-29 22:34:46.402319,-0.009169054441260746,-0.1745,12,6,0,Decrease
416,Eggs US,Livestock,USD/Dozen,nan,1.01,1.01,0.03,-2.94,-30.32,-54.72,-82.58,-77.71,2025-12-21,2025-12-21,2025-12-29 22:34:46.402319,-0.01020408163265306,-0.0294,12,6,0,Stable
660,Eggs US,Livestock,USD/Dozen,USD,0.72,0.72,0.01,-1.36,-26.76,-67.9,-87.55,-87.55,2025-12-29,2025-12-29,2025-12-29 22:34:46.402319,-0.007352941176470588,-0.013600000000000001,12,0,0,Stable
218,Eggs US,Livestock,USD/Dozen,nan,1.29,1.29,0.16,-10.94,-30.91,-39.63,-77.74,-71.51,2025-12-15,2025-12-15,2025-12-29 22:34:46.402319,-0.014625228519195614,-0.1094,12,0,0,Decrease
116,Eggs US,Livestock,USD/Dozen,nan,1.45,1.45,0.32,-17.93,-24.13,-28.7,-75.01,-62.08,2025-12-12,2025-12-14,2025-12-29 22:34:46.402319,-0.01784718349135527,-0.1793,12,4,0,Decrease
241,Ethanol,Energy,USD/Gal,nan,1.595,1.595,0.0,0.0,-1.24,-8.86,-5.62,0.31,2025-12-15,2025-12-15,2025-12-29 22:34:46.402319,,0.0,12,0,0,Stable
101,Ethanol,Energy,USD/Gal,nan,1.595,1.595,0.0175,1.11,1.59,-8.99,-5.62,1.59,2025-12-11,2025-12-14,2025-12-29 22:34:46.402319,0.015765765765765764,0.0111,12,3,1,Stable
541,Ethanol,Energy,USD/Gal,nan,1.59,1.59,0.0,0.0,0.95,-7.02,-5.92,-3.34,2025-12-28,2025-12-28,2025-12-29 22:34:46.402319,,0.0,12,6,0,Stable
8,Ethanol,Energy,USD/Gal,nan,1.595,1.595,0.0175,1.11,1.59,-8.99,-5.62,1.59,2025-12-14,2025-12-14,2025-12-29 22:34:46.402319,0.015765765765765764,0.0111,12,6,1,Stable
596,Ethanol,Energy,USD/Gal,USD,1.655,1.655,0.0,0.0,5.08,-3.22,-2.07,0.61,2025-12-29,2025-12-29,2025-12-29 22:34:46.402319,,0.0,12,0,0,Stable
1369,Ethanol,Energy,USD/Gal,USD,1.5925,1.5925,0.0225,-1.39,0.16,-0.16,0.32,-3.78,2026-01-07,2026-01-07,2026-01-07 10:16:49.372682,-0.01618705035971223,-0.0139,1,2,0,Stable
325,Ethanol,Energy,USD/Gal,nan,1.575,1.575,0.02,-1.25,-1.25,-8.16,-6.8,-2.78,2025-12-20,2025-12-20,2025-12-29 22:34:46.402319,-0.016,-0.0125,12,5,0,Stable
429,Ethanol,Energy,USD/Gal,nan,1.575,1.575,0.02,-1.25,-1.25,-8.16,-6.8,-2.78,2025-12-21,2025-12-21,2025-12-29 22:34:46.402319,-0.016,-0.0125,12,6,0,Stable
410,EU Carbon Permits,Index,EUR,nan,87.05,,0.57,0.66,3.89,6.99,19.25,27.64,2025-12-21,2025-12-21,2025-12-29 22:34:46.402319,0.8636363636363635,0.0066,12,6,1,Stable
117,EU Carbon Permits,Index,EUR,nan,83.79,,0.11,-0.13,2.21,3.01,14.78,30.05,2025-12-12,2025-12-14,2025-12-29 22:34:46.402319,-0.8461538461538461,-0.0013,12,4,0,Stable
1440,EU Carbon Permits,Index,EUR,EUR,88.1,,0.85,0.97,0.94,7.47,0.84,18.99,2026-01-07,2026-01-07,2026-01-07 10:16:49.372682,0.8762886597938144,0.0097,1,2,1,Stable
213,EU Carbon Permits,Index,EUR,nan,83.79,,0.11,-0.13,2.21,3.01,14.78,30.05,2025-12-15,2025-12-15,2025-12-29 22:34:46.402319,-0.8461538461538461,-0.0013,12,0,0,Stable
667,EU Carbon Permits,Index,EUR,EUR,88.01,,0.53,-0.6,1.39,7.5,20.56,22.99,2025-12-29,2025-12-29,2025-12-29 22:34:46.402319,-0.8833333333333334,-0.006,12,0,0,Stable
332,EU Carbon Permits,Index,EUR,nan,87.05,,0.57,0.66,3.89,6.99,19.25,27.64,2025-12-20,2025-12-20,2025-12-29 22:34:46.402319,0.8636363636363635,0.0066,12,5,1,Stable
509,EU Carbon Permits,Index,EUR,nan,88.01,,0.53,-0.6,1.39,7.5,20.56,22.99,2025-12-28,2025-12-28,2025-12-29 22:34:46.402319,-0.8833333333333334,-0.006,12,6,0,Stable
420,Feeder Cattle,Livestock,USd/Lbs,nan,346.0336,,5.7586,1.69,2.04,9.37,31.44,35.29,2025-12-21,2025-12-21,2025-12-29 22:34:46.402319,3.4074556213017755,0.0169,12,6,1,Stable
282,Feeder Cattle,Livestock,USd/Lbs,nan,346.0336,,5.7586,1.69,2.04,9.37,31.44,35.29,2025-12-20,2025-12-20,2025-12-29 22:34:46.402319,3.4074556213017755,0.0169,12,5,1,Stable
58,Feeder Cattle,Livestock,USd/Lbs,nan,339.3734,,4.0266,-1.17,0.1,0.7,28.91,31.61,2025-12-14,2025-12-14,2025-12-29 22:34:46.402319,-3.441538461538462,-0.011699999999999999,12,6,0,Stable
655,Feeder Cattle,Livestock,USd/Lbs,USd,347.325,,1.15,0.33,0.24,8.18,31.93,32.71,2025-12-29,2025-12-29,2025-12-29 22:34:46.402319,3.4848484848484844,0.0033,12,0,1,Stable
222,Feeder Cattle,Livestock,USd/Lbs,nan,338.5865,,0.5135,-0.15,0.87,3.77,28.61,32.67,2025-12-15,2025-12-15,2025-12-29 22:34:46.402319,-3.4233333333333333,-0.0015,12,0,0,Stable
520,Feeder Cattle,Livestock,USd/Lbs,nan,346.159,,1.2262,0.36,0.16,6.85,31.49,32.37,2025-12-28,2025-12-28,2025-12-29 22:34:46.402319,3.406111111111111,0.0036,12,6,1,Stable
93,Feeder Cattle,Livestock,USd/Lbs,nan,339.3734,,4.0266,-1.17,0.1,0.7,28.91,31.61,2025-12-12,2025-12-14,2025-12-29 22:34:46.402319,-3.441538461538462,-0.011699999999999999,12,4,0,Stable
1428,Feeder Cattle,Livestock,USd/Lbs,USd,362.4,,3.425,0.95,3.68,7.97,3.47,35.07,2026-01-07,2026-01-07,2026-01-07 10:16:49.372682,3.6052631578947367,0.0095,1,2,1,Stable
228,France,Electricity,EUR/MWh,nan,49.72,,1.02,2.09,3.5,-5.21,-28.82,-28.77,2025-12-15,2025-12-15,2025-12-29 22:34:46.402319,0.48803827751196177,0.0209,12,0,1,Stable
298,France,Electricity,EUR/MWh,nan,50.91,,0.57,1.13,2.39,-2.19,-27.12,-29.19,2025-12-20,2025-12-20,2025-12-29 22:34:46.402319,0.504424778761062,0.0113,12,5,1,Stable
1422,France,Electricity,EUR/MWh,EUR,48.75,,0.04,-0.08,-3.75,1.75,-3.75,-32.21,2026-01-07,2026-01-07,2026-01-07 10:16:49.372682,-0.5,-0.0008,1,2,0,Stable
29,France,Electricity,EUR/MWh,nan,49.72,,1.02,2.09,3.5,-5.21,-28.82,-28.77,2025-12-12,2025-12-14,2025-12-29 22:34:46.402319,0.48803827751196177,0.0209,12,4,1,Stable
503,France,Electricity,EUR/MWh,nan,50.96,,0.21,0.41,2.58,0.89,-27.04,-34.16,2025-12-28,2025-12-28,2025-12-29 22:34:46.402319,0.5121951219512195,0.0040999999999999995,12,6,1,Stable
649,France,Electricity,EUR/MWh,EUR,50.83,,0.13,-0.26,2.31,0.63,-27.23,-34.33,2025-12-29,2025-12-29,2025-12-29 22:34:46.402319,-0.5,-0.0026,12,0,0,Stable
411,France,Electricity,EUR/MWh,nan,50.91,,0.57,1.13,2.39,-2.19,-27.12,-29.19,2025-12-21,2025-12-21,2025-12-29 22:34:46.402319,0.504424778761062,0.0113,12,6,1,Stable
536,Gallium,Industrial,CNY/Kg,nan,1650.0,,0.0,0.0,0.0,-0.9,-20.48,-22.35,2025-12-28,2025-12-28,2025-12-29 22:34:46.402319,,0.0,12,6,0,Stable
279,Gallium,Industrial,CNY/Kg,nan,1650.0,,0.0,0.0,0.0,-0.9,-20.48,-25.84,2025-12-20,2025-12-20,2025-12-29 22:34:46.402319,,0.0,12,5,0,Stable
663,Gallium,Industrial,CNY/Kg,CNY,1650.0,,0.0,0.0,0.0,0.0,-20.48,-20.48,2025-12-29,2025-12-29,2025-12-29 22:34:46.402319,,0.0,12,0,0,Stable
173,Gallium,Industrial,CNY/Kg,nan,1650.0,,0.0,0.0,0.0,-0.9,-20.48,-25.84,2025-12-14,2025-12-14,2025-12-29 22:34:46.402319,,0.0,12,6,0,Stable
1436,Gallium,Industrial,CNY/Kg,CNY,1650.0,,0.0,0.0,0.0,0.0,0.0,-16.46,2026-01-07,2026-01-07,2026-01-07 10:16:49.372682,,0.0,1,2,0,Stable
381,Gallium,Industrial,CNY/Kg,nan,1650.0,,0.0,0.0,0.0,-0.9,-20.48,-25.84,2025-12-21,2025-12-21,2025-12-29 22:34:46.402319,,0.0,12,6,0,Stable
223,Gallium,Industrial,CNY/Kg,nan,1650.0,,0.0,0.0,0.0,-0.9,-20.48,-25.84,2025-12-15,2025-12-15,2025-12-29 22:34:46.402319,,0.0,12,0,0,Stable
104,Gallium,Industrial,CNY/Kg,nan,1650.0,,0.0,0.0,0.0,-0.9,-20.48,-25.84,2025-12-12,2025-12-14,2025-12-29 22:34:46.402319,,0.0,12,4,0,Stable
2,Gasoline,Energy,USD/Gal,nan,1.754,1.754,0.0136,-0.77,-4.34,-10.82,-12.84,-12.07,2025-12-14,2025-12-14,2025-12-29 22:34:46.402319,-0.01766233766233766,-0.0077,12,6,0,Stable
309,Gasoline,Energy,USD/Gal,nan,1.7111,1.7111,0.0147,0.87,-2.45,-10.32,-14.97,-11.92,2025-12-20,2025-12-20,2025-12-29 22:34:46.402319,0.01689655172413793,0.0087,12,5,1,Stable
448,Gasoline,Energy,USD/Gal,nan,1.7111,1.7111,0.0147,0.87,-2.45,-10.32,-14.97,-11.92,2025-12-21,2025-12-21,2025-12-29 22:34:46.402319,0.01689655172413793,0.0087,12,6,1,Stable
578,Gasoline,Energy,USD/Gal,USD,1.7071,1.7071,0.009,0.53,-2.03,-8.86,-15.17,-13.7,2025-12-29,2025-12-29,2025-12-29 22:34:46.402319,0.016981132075471694,0.0053,12,0,1,Stable
544,Gasoline,Energy,USD/Gal,nan,1.6981,1.6981,0.052,-2.97,-0.76,-8.59,-15.62,-12.87,2025-12-28,2025-12-28,2025-12-29 22:34:46.402319,-0.017508417508417508,-0.0297,12,6,0,Stable
215,Gasoline,Energy,USD/Gal,nan,1.7267,1.7267,0.0273,-1.56,-3.74,-12.88,-14.2,-12.48,2025-12-15,2025-12-15,2025-12-29 22:34:46.402319,-0.0175,-0.015600000000000001,12,0,0,Stable
1351,Gasoline,Energy,USD/Gal,USD,1.692,1.692,0.002,0.12,-1.1,-5.67,-1.1,-15.87,2026-01-07,2026-01-07,2026-01-07 10:16:49.372682,0.016666666666666666,0.0012,1,2,1,Stable
161,Gasoline,Energy,USD/Gal,nan,1.754,1.754,0.0136,-0.77,-4.34,-10.82,-12.84,-12.07,2025-12-12,2025-12-14,2025-12-29 22:34:46.402319,-0.01766233766233766,-0.0077,12,4,0,Stable
54,German Gas,Energy,EUR/MWh,nan,29.27,,0.86,3.01,0.67,-8.81,-41.3,-30.45,2025-12-14,2025-12-14,2025-12-29 22:34:46.402319,0.28571428571428575,0.0301,12,6,1,Stable
32,German Gas,Energy,EUR/MWh,nan,29.27,,0.86,3.01,0.67,-8.81,-41.3,-30.45,2025-12-12,2025-12-14,2025-12-29 22:34:46.402319,0.28571428571428575,0.0301,12,4,1,Stable
1364,German Gas,Energy,EUR/MWh,EUR,29.55,,0.64,2.23,0.63,3.51,-1.49,-38.92,2026-01-07,2026-01-07,2026-01-07 10:16:49.372682,0.28699551569506726,0.0223,1,2,1,Stable
434,German Gas,Energy,EUR/MWh,nan,29.7,,0.47,1.6,1.47,-9.5,-40.44,-34.19,2025-12-21,2025-12-21,2025-12-29 22:34:46.402319,0.29374999999999996,0.016,12,6,1,Stable
326,German Gas,Energy,EUR/MWh,nan,29.7,,0.47,1.6,1.47,-9.5,-40.44,-34.19,2025-12-20,2025-12-20,2025-12-29 22:34:46.402319,0.29374999999999996,0.016,12,5,1,Stable
534,German Gas,Energy,EUR/MWh,nan,29.67,,0.0,0.0,-0.1,-3.27,-40.5,-39.62,2025-12-28,2025-12-28,2025-12-29 22:34:46.402319,,0.0,12,6,0,Stable
235,German Gas,Energy,EUR/MWh,nan,29.01,,0.26,-0.88,1.61,-12.03,-41.82,-29.83,2025-12-15,2025-12-15,2025-12-29 22:34:46.402319,-0.29545454545454547,-0.0088,12,0,0,Stable
591,German Gas,Energy,EUR/MWh,EUR,30.21,,0.54,1.82,3.46,0.93,-39.42,-38.15,2025-12-29,2025-12-29,2025-12-29 22:34:46.402319,0.2967032967032967,0.0182,12,0,1,Stable
287,Germanium,Industrial,CNY/Kg,nan,13600.0,,0.0,0.0,-1.09,-2.51,-22.51,-23.38,2025-12-20,2025-12-20,2025-12-29 22:34:46.402319,,0.0,12,5,0,Stable
109,Germanium,Industrial,CNY/Kg,nan,13750.0,,50.0,-0.36,-0.36,-1.43,-21.65,-22.54,2025-12-12,2025-12-14,2025-12-29 22:34:46.402319,-138.88888888888889,-0.0036,12,4,0,Stable
650,Germanium,Industrial,CNY/Kg,CNY,13600.0,,0.0,0.0,0.0,-2.16,-22.51,-22.51,2025-12-29,2025-12-29,2025-12-29 22:34:46.402319,,0.0,12,0,0,Stable
224,Germanium,Industrial,CNY/Kg,nan,13750.0,,0.0,0.0,-0.36,-1.43,-21.65,-22.54,2025-12-15,2025-12-15,2025-12-29 22:34:46.402319,,0.0,12,0,0,Stable
1423,Germanium,Industrial,CNY/Kg,CNY,13500.0,,0.0,0.0,0.0,-2.17,0.0,-20.35,2026-01-07,2026-01-07,2026-01-07 10:16:49.372682,,0.0,1,2,0,Stable
524,Germanium,Industrial,CNY/Kg,nan,13600.0,,0.0,0.0,0.0,-2.16,-22.51,-22.51,2025-12-28,2025-12-28,2025-12-29 22:34:46.402319,,0.0,12,6,0,Stable
423,Germanium,Industrial,CNY/Kg,nan,13600.0,,0.0,0.0,-1.09,-2.51,-22.51,-23.38,2025-12-21,2025-12-21,2025-12-29 22:34:46.402319,,0.0,12,6,0,Stable
38,Germanium,Industrial,CNY/Kg,nan,13750.0,,50.0,-0.36,-0.36,-1.43,-21.65,-22.54,2025-12-14,2025-12-14,2025-12-29 22:34:46.402319,-138.88888888888889,-0.0036,12,6,0,Stable
285,Germany,Electricity,EUR/MWh,nan,92.68,,0.0,0.0,-4.34,-7.88,-19.92,-12.23,2025-12-20,2025-12-20,2025-12-29 22:34:46.402319,,0.0,12,5,0,Stable
504,Germany,Electricity,EUR/MWh,nan,93.05,,0.0,0.0,0.22,-8.08,-19.6,-12.68,2025-12-28,2025-12-28,2025-12-29 22:34:46.402319,,0.0,12,6,0,Stable
1445,Germany,Electricity,EUR/MWh,EUR,98.17,,3.58,-3.52,0.76,7.49,0.43,-9.48,2026-01-07,2026-01-07,2026-01-07 10:16:49.372682,-1.0170454545454546,-0.0352,1,2,0,Stable
405,Germany,Electricity,EUR/MWh,nan,92.68,,0.0,0.0,-4.34,-7.88,-19.92,-12.23,2025-12-21,2025-12-21,2025-12-29 22:34:46.402319,,0.0,12,6,0,Stable
672,Germany,Electricity,EUR/MWh,EUR,93.05,,0.0,0.0,0.22,-8.08,-19.6,-12.68,2025-12-29,2025-12-29,2025-12-29 22:34:46.402319,,0.0,12,0,0,Stable
210,Germany,Electricity,EUR/MWh,nan,96.88,,0.09,-0.09,10.51,-1.1,-16.29,-6.5,2025-12-15,2025-12-15,2025-12-29 22:34:46.402319,-1.0,-0.0009,12,0,0,Stable
106,Germany,Electricity,EUR/MWh,nan,96.97,,0.0,0.0,10.61,-1.01,-16.21,-6.42,2025-12-12,2025-12-14,2025-12-29 22:34:46.402319,,0.0,12,4,0,Stable
532,Gold,Metals,USD/t.oz,nan,4532.18,4532.18,51.34,1.15,4.36,8.96,72.7,72.95,2025-12-28,2025-12-28,2025-12-29 22:34:46.402319,44.64347826086957,0.0115,12,6,1,Stable
233,Gold,Metals,USD/t.oz,nan,4295.56,4295.56,2.44,-0.06,2.52,6.15,63.68,62.0,2025-12-15,2025-12-15,2025-12-29 22:34:46.402319,-40.666666666666664,-0.0006,12,0,0,Stable
1366,Gold,Metals,USD/t.oz,USD,4464.42,4464.42,31.7,-0.71,3.35,6.55,3.35,67.68,2026-01-07,2026-01-07,2026-01-07 10:16:49.372682,-44.647887323943664,-0.0070999999999999995,1,2,0,Stable
318,Gold,Metals,USD/t.oz,nan,4342.73,4342.73,11.75,0.27,1.04,6.52,65.48,65.62,2025-12-20,2025-12-20,2025-12-29 22:34:46.402319,43.51851851851852,0.0027,12,5,1,Stable
593,Gold,Metals,USD/t.oz,USD,4333.92,4333.92,197.59,-4.36,-2.5,2.42,65.14,66.27,2025-12-29,2025-12-29,2025-12-29 22:34:46.402319,-45.31880733944954,-0.0436,12,0,0,Stable
47,Gold,Metals,USD/t.oz,nan,4298.0,4298.0,17.97,0.42,2.36,3.05,63.77,62.35,2025-12-14,2025-12-14,2025-12-29 22:34:46.402319,42.785714285714285,0.0042,12,6,1,Stable
432,Gold,Metals,USD/t.oz,nan,4342.73,4342.73,11.75,0.27,1.04,6.52,65.48,65.62,2025-12-21,2025-12-21,2025-12-29 22:34:46.402319,43.51851851851852,0.0027,12,6,1,Stable
13,Gold,Metals,USD/t.oz,nan,4298.0,4298.0,17.97,0.42,2.36,3.05,63.77,62.35,2025-12-12,2025-12-14,2025-12-29 22:34:46.402319,42.785714285714285,0.0042,12,4,1,Stable
60,GSCI,Index,Index Points,nan,545.51,,4.77,-0.87,-3.4,-2.17,-0.75,-0.14,2025-12-14,2025-12-14,2025-12-29 22:34:46.402319,-5.482758620689655,-0.0087,12,6,0,Stable
358,GSCI,Index,Index Points,nan,542.2,,3.29,0.61,-0.61,-1.64,-1.35,0.58,2025-12-20,2025-12-20,2025-12-29 22:34:46.402319,5.39344262295082,0.0060999999999999995,12,5,1,Stable
1437,GSCI,Index,Index Points,Index Poin,553.2,,2.32,-0.42,0.85,-0.43,0.85,0.06,2026-01-07,2026-01-07,2026-01-07 10:16:49.372682,-5.523809523809524,-0.0042,1,2,0,Stable
226,GSCI,Index,Index Points,nan,540.6,,4.91,-0.9,-2.69,-3.21,-1.65,-0.47,2025-12-15,2025-12-15,2025-12-29 22:34:46.402319,-5.455555555555556,-0.009000000000000001,12,0,0,Stable
113,GSCI,Index,Index Points,nan,545.51,,4.77,-0.87,-3.4,-2.17,-0.75,-0.14,2025-12-12,2025-12-14,2025-12-29 22:34:46.402319,-5.482758620689655,-0.0087,12,4,0,Stable
664,GSCI,Index,Index Points,Index Poin,551.31,,0.91,0.17,0.32,-1.28,0.3,0.62,2025-12-29,2025-12-29,2025-12-29 22:34:46.402319,5.352941176470588,0.0017000000000000001,12,0,1,Stable
425,GSCI,Index,Index Points,nan,542.2,,3.29,0.61,-0.61,-1.64,-1.35,0.58,2025-12-21,2025-12-21,2025-12-29 22:34:46.402319,5.39344262295082,0.0060999999999999995,12,6,1,Stable
513,GSCI,Index,Index Points,nan,550.4,,0.0,0.0,1.51,-0.86,0.14,1.34,2025-12-28,2025-12-28,2025-12-29 22:34:46.402319,,0.0,12,6,0,Stable
3,Heating Oil,Energy,USD/Gal,nan,2.2018,2.2018,0.0271,-1.22,-6.82,-10.67,-4.98,-2.83,2025-12-14,2025-12-14,2025-12-29 22:34:46.402319,-0.02221311475409836,-0.012199999999999999,12,6,0,Stable
449,Heating Oil,Energy,USD/Gal,nan,2.1229,2.1229,0.0087,-0.41,-3.42,-16.2,-8.39,-5.12,2025-12-21,2025-12-21,2025-12-29 22:34:46.402319,-0.021219512195121953,-0.0040999999999999995,12,6,0,Stable
250,Heating Oil,Energy,USD/Gal,nan,2.1725,2.1725,0.0255,-1.16,-5.47,-14.7,-6.24,-3.86,2025-12-15,2025-12-15,2025-12-29 22:34:46.402319,-0.021982758620689654,-0.0116,12,0,0,Stable
577,Heating Oil,Energy,USD/Gal,USD,2.1241,2.1241,0.0171,0.81,-1.58,-9.23,-8.33,-7.63,2025-12-29,2025-12-29,2025-12-29 22:34:46.402319,0.021111111111111112,0.008100000000000001,12,0,1,Stable
40,Heating Oil,Energy,USD/Gal,nan,2.2018,2.2018,0.0271,-1.22,-6.82,-10.67,-4.98,-2.83,2025-12-12,2025-12-14,2025-12-29 22:34:46.402319,-0.02221311475409836,-0.012199999999999999,12,4,0,Stable
540,Heating Oil,Energy,USD/Gal,nan,2.1121,2.1121,0.0455,-2.11,-0.46,-9.51,-8.85,-5.91,2025-12-28,2025-12-28,2025-12-29 22:34:46.402319,-0.02156398104265403,-0.021099999999999997,12,6,0,Stable
1350,Heating Oil,Energy,USD/Gal,USD,2.065,2.065,0.018,-0.86,-2.66,-10.15,-2.66,-12.22,2026-01-07,2026-01-07,2026-01-07 10:16:49.372682,-0.020930232558139535,-0.0086,1,2,0,Stable
310,Heating Oil,Energy,USD/Gal,nan,2.1229,2.1229,0.0087,-0.41,-3.42,-16.2,-8.39,-5.12,2025-12-20,2025-12-20,2025-12-29 22:34:46.402319,-0.021219512195121953,-0.0040999999999999995,12,5,0,Stable
97,HRC Steel,Metals,USD/T,nan,907.0,907.0,0.0,0.0,-0.11,6.08,27.93,34.37,2025-12-12,2025-12-14,2025-12-29 22:34:46.402319,,0.0,12,4,0,Stable
311,HRC Steel,Metals,USD/T,nan,907.0,907.0,0.0,0.0,0.0,-0.44,27.93,26.32,2025-12-20,2025-12-20,2025-12-29 22:34:46.402319,,0.0,12,5,0,Stable
599,HRC Steel,Metals,USD/T,USD,905.0,905.0,1.0,-0.11,-0.33,0.22,27.64,24.83,2025-12-29,2025-12-29,2025-12-29 22:34:46.402319,-9.090909090909092,-0.0011,12,0,0,Stable
9,HRC Steel,Metals,USD/T,nan,907.0,907.0,0.0,0.0,-0.11,6.08,27.93,34.37,2025-12-14,2025-12-14,2025-12-29 22:34:46.402319,,0.0,12,6,0,Stable
430,HRC Steel,Metals,USD/T,nan,907.0,907.0,0.0,0.0,0.0,-0.44,27.93,26.32,2025-12-21,2025-12-21,2025-12-29 22:34:46.402319,,0.0,12,6,0,Stable
267,HRC Steel,Metals,USD/T,nan,905.06,905.06,1.94,-0.21,-0.32,5.86,27.65,34.08,2025-12-15,2025-12-15,2025-12-29 22:34:46.402319,-9.238095238095239,-0.0021,12,0,0,Stable
1372,HRC Steel,Metals,USD/T,USD,929.06,929.06,0.94,-0.1,-0.64,2.32,-0.64,32.34,2026-01-07,2026-01-07,2026-01-07 10:16:49.372682,-9.399999999999999,-0.001,1,2,0,Stable
565,HRC Steel,Metals,USD/T,nan,906.0,906.0,0.0,0.0,-0.11,0.55,27.79,24.11,2025-12-28,2025-12-28,2025-12-29 22:34:46.402319,,0.0,12,6,0,Stable
180,Indium,Industrial,CNY/Kg,nan,2550.0,,0.0,0.0,1.8,1.8,0.2,0.2,2025-12-15,2025-12-15,2025-12-29 22:34:46.402319,,0.0,12,0,0,Stable
653,Indium,Industrial,CNY/Kg,CNY,2620.0,,0.0,0.0,2.75,4.59,2.95,2.95,2025-12-29,2025-12-29,2025-12-29 22:34:46.402319,,0.0,12,0,0,Stable
79,Indium,Industrial,CNY/Kg,nan,2550.0,,15.0,0.59,1.8,1.8,0.2,0.2,2025-12-12,2025-12-14,2025-12-29 22:34:46.402319,25.423728813559322,0.0059,12,4,1,Stable
284,Indium,Industrial,CNY/Kg,nan,2550.0,,0.0,0.0,0.0,1.8,0.2,0.2,2025-12-20,2025-12-20,2025-12-29 22:34:46.402319,,0.0,12,5,0,Stable
86,Indium,Industrial,CNY/Kg,nan,2550.0,,15.0,0.59,1.8,1.8,0.2,0.2,2025-12-14,2025-12-14,2025-12-29 22:34:46.402319,25.423728813559322,0.0059,12,6,1,Stable
522,Indium,Industrial,CNY/Kg,nan,2620.0,,0.0,0.0,2.75,4.59,2.95,2.95,2025-12-28,2025-12-28,2025-12-29 22:34:46.402319,,0.0,12,6,0,Stable
422,Indium,Industrial,CNY/Kg,nan,2550.0,,0.0,0.0,0.0,1.8,0.2,0.2,2025-12-21,2025-12-21,2025-12-29 22:34:46.402319,,0.0,12,6,0,Stable
1426,Indium,Industrial,CNY/Kg,CNY,3100.0,,150.0,5.08,9.73,23.75,9.73,22.77,2026-01-07,2026-01-07,2026-01-07 10:16:49.372682,29.52755905511811,0.0508,1,2,1,Increase
661,Iron Ore,Metals,USD/T,USD,107.08,107.08,0.09,0.08,0.13,0.13,3.35,3.18,2025-12-29,2025-12-29,2025-12-29 22:34:46.402319,1.125,0.0008,12,0,1,Stable
450,Iron Ore,Metals,USD/T,nan,106.92,106.92,0.02,0.02,0.82,2.57,3.19,2.97,2025-12-21,2025-12-21,2025-12-29 22:34:46.402319,1.0,0.0002,12,6,1,Stable
574,Iron Ore,Metals,USD/T,nan,106.99,106.99,0.05,0.05,0.07,2.05,3.26,2.97,2025-12-28,2025-12-28,2025-12-29 22:34:46.402319,1.0,0.0005,12,6,1,Stable
335,Iron Ore,Metals,USD/T,nan,106.92,106.92,0.02,0.02,0.82,2.57,3.19,2.97,2025-12-20,2025-12-20,2025-12-29 22:34:46.402319,1.0,0.0002,12,5,1,Stable
159,Iron Ore,Metals,USD/T,nan,106.05,106.05,0.16,-0.15,-1.11,1.92,2.36,0.7,2025-12-12,2025-12-14,2025-12-29 22:34:46.402319,-1.0666666666666667,-0.0015,12,4,0,Stable
243,Iron Ore,Metals,USD/T,nan,106.05,106.05,0.16,-0.15,-1.11,1.92,2.36,0.7,2025-12-15,2025-12-15,2025-12-29 22:34:46.402319,-1.0666666666666667,-0.0015,12,0,0,Stable
1434,Iron Ore,Metals,USD/T,USD,106.79,106.79,0.66,0.62,-0.32,0.35,-0.32,9.15,2026-01-07,2026-01-07,2026-01-07 10:16:49.372682,1.0645161290322582,0.0062,1,2,1,Stable
597,Iron Ore CNY,Metals,CNY/T,CNY,797.0,,14.0,1.79,2.51,-0.38,2.31,2.31,2025-12-29,2025-12-29,2025-12-29 22:34:46.402319,7.82122905027933,0.0179,12,0,1,Stable
59,Iron Ore CNY,Metals,CNY/T,nan,760.5,,3.5,0.46,-0.33,-2.06,-2.37,-4.58,2025-12-14,2025-12-14,2025-12-29 22:34:46.402319,7.608695652173913,0.0046,12,6,1,Stable
1370,Iron Ore CNY,Metals,CNY/T,CNY,814.5,,2.0,0.25,3.17,7.67,3.17,8.75,2026-01-07,2026-01-07,2026-01-07 10:16:49.372682,8.0,0.0025,1,2,1,Stable
44,Iron Ore CNY,Metals,CNY/T,nan,760.5,,3.5,0.46,-0.33,-2.06,-2.37,-4.58,2025-12-12,2025-12-14,2025-12-29 22:34:46.402319,7.608695652173913,0.0046,12,4,1,Stable
268,Iron Ore CNY,Metals,CNY/T,nan,755.5,,5.0,-0.66,-0.13,-3.57,-3.02,-5.56,2025-12-15,2025-12-15,2025-12-29 22:34:46.402319,-7.575757575757575,-0.0066,12,0,0,Stable
444,Iron Ore CNY,Metals,CNY/T,nan,779.0,,3.0,0.39,3.25,-1.33,0.0,1.1,2025-12-21,2025-12-21,2025-12-29 22:34:46.402319,7.692307692307692,0.0039000000000000003,12,6,1,Stable
552,Iron Ore CNY,Metals,CNY/T,nan,783.0,,7.0,0.9,0.51,-0.7,0.51,2.82,2025-12-28,2025-12-28,2025-12-29 22:34:46.402319,7.777777777777778,0.009000000000000001,12,6,1,Stable
315,Iron Ore CNY,Metals,CNY/T,nan,779.0,,2.0,0.26,3.25,-1.33,0.0,1.1,2025-12-20,2025-12-20,2025-12-29 22:34:46.402319,7.692307692307692,0.0026,12,5,1,Stable
582,Italy,Electricity,EUR/MWh,EUR,113.66,,6.39,5.95,-0.1,-13.9,-17.49,-23.01,2025-12-29,2025-12-29,2025-12-29 22:34:46.402319,1.0739495798319327,0.059500000000000004,12,0,1,Increase
301,Italy,Electricity,EUR/MWh,nan,119.1,,1.28,-1.07,3.22,-7.26,-13.55,4.25,2025-12-20,2025-12-20,2025-12-29 22:34:46.402319,-1.1962616822429906,-0.010700000000000001,12,5,0,Stable
525,Italy,Electricity,EUR/MWh,nan,107.28,,0.51,0.48,-9.93,-11.0,-22.13,-19.05,2025-12-28,2025-12-28,2025-12-29 22:34:46.402319,1.0625,0.0048,12,6,1,Stable
169,Italy,Electricity,EUR/MWh,nan,115.39,,1.54,-1.31,-12.04,-7.25,-16.24,-33.63,2025-12-12,2025-12-14,2025-12-29 22:34:46.402319,-1.1755725190839694,-0.0131,12,4,0,Stable
445,Italy,Electricity,EUR/MWh,nan,119.1,,1.28,-1.07,3.22,-7.26,-13.55,4.25,2025-12-21,2025-12-21,2025-12-29 22:34:46.402319,-1.1962616822429906,-0.010700000000000001,12,6,0,Stable
110,Italy,Electricity,EUR/MWh,nan,115.39,,1.54,-1.31,-12.04,-7.25,-16.24,-33.63,2025-12-14,2025-12-14,2025-12-29 22:34:46.402319,-1.1755725190839694,-0.0131,12,6,0,Stable
245,Italy,Electricity,EUR/MWh,nan,116.72,,1.33,1.15,10.38,8.92,-15.28,-13.05,2025-12-15,2025-12-15,2025-12-29 22:34:46.402319,1.156521739130435,0.0115,12,0,1,Stable
1355,Italy,Electricity,EUR/MWh,EUR,120.96,,5.91,5.14,10.1,14.4,10.1,-9.21,2026-01-07,2026-01-07,2026-01-07 10:16:49.372682,1.1498054474708173,0.051399999999999994,1,2,1,Increase
212,Kraft Pulp,Industrial,CNY/T,nan,4828.0,,38.0,0.79,1.22,-1.51,-17.67,-16.06,2025-12-15,2025-12-15,2025-12-29 22:34:46.402319,48.10126582278481,0.0079,12,0,1,Stable
421,Kraft Pulp,Industrial,CNY/T,nan,5412.0,,38.0,-0.7,12.99,12.14,-7.71,-6.07,2025-12-21,2025-12-21,2025-12-29 22:34:46.402319,-54.28571428571429,-0.006999999999999999,12,6,0,Stable
94,Kraft Pulp,Industrial,CNY/T,nan,4790.0,,28.0,-0.58,0.42,-2.28,-18.32,-16.72,2025-12-12,2025-12-14,2025-12-29 22:34:46.402319,-48.27586206896552,-0.0058,12,4,0,Stable
64,Kraft Pulp,Industrial,CNY/T,nan,4790.0,,28.0,-0.58,0.42,-2.28,-18.32,-16.72,2025-12-14,2025-12-14,2025-12-29 22:34:46.402319,-48.27586206896552,-0.0058,12,6,0,Stable
654,Kraft Pulp,Industrial,CNY/T,CNY,5502.0,,42.0,-0.76,-0.16,17.56,-6.17,-6.4,2025-12-29,2025-12-29,2025-12-29 22:34:46.402319,-55.26315789473684,-0.0076,12,0,0,Stable
283,Kraft Pulp,Industrial,CNY/T,nan,5412.0,,38.0,-0.7,12.99,12.14,-7.71,-6.07,2025-12-20,2025-12-20,2025-12-29 22:34:46.402319,-54.28571428571429,-0.006999999999999999,12,5,0,Stable
1427,Kraft Pulp,Industrial,CNY/T,CNY,5526.0,,36.0,0.66,0.91,17.32,0.91,-6.12,2026-01-07,2026-01-07,2026-01-07 10:16:49.372682,54.54545454545454,0.0066,1,2,1,Stable
521,Kraft Pulp,Industrial,CNY/T,nan,5544.0,,12.0,0.22,2.44,18.46,-5.46,-5.97,2025-12-28,2025-12-28,2025-12-29 22:34:46.402319,54.54545454545455,0.0022,12,6,1,Stable
353,Lead,Industrial,USD/T,nan,1986.88,1986.88,25.7,1.31,0.88,-1.23,1.79,0.04,2025-12-20,2025-12-20,2025-12-29 22:34:46.402319,19.61832061068702,0.0131,12,5,1,Stable
1401,Lead,Industrial,USD/T,USD,2083.7,2083.7,14.25,0.69,3.92,4.27,3.92,7.46,2026-01-07,2026-01-07,2026-01-07 10:16:49.372682,20.65217391304348,0.0069,1,2,1,Stable
164,Lead,Industrial,USD/T,nan,1969.53,1969.53,15.95,-0.8,-1.79,-5.17,0.9,-2.26,2025-12-14,2025-12-14,2025-12-29 22:34:46.402319,-19.937499999999996,-0.008,12,6,0,Stable
487,Lead,Industrial,USD/T,nan,1998.78,1998.78,11.83,0.6,2.02,0.87,2.4,1.56,2025-12-28,2025-12-28,2025-12-29 22:34:46.402319,19.71666666666667,0.006,12,6,1,Stable
397,Lead,Industrial,USD/T,nan,1986.88,1986.88,25.7,1.31,0.88,-1.23,1.79,0.04,2025-12-21,2025-12-21,2025-12-29 22:34:46.402319,19.61832061068702,0.0131,12,6,1,Stable
18,Lead,Industrial,USD/T,nan,1969.53,1969.53,15.95,-0.8,-1.79,-5.17,0.9,-2.26,2025-12-12,2025-12-14,2025-12-29 22:34:46.402319,-19.937499999999996,-0.008,12,4,0,Stable
628,Lead,Industrial,USD/T,USD,2007.98,2007.98,9.2,0.46,1.88,0.32,2.87,3.11,2025-12-29,2025-12-29,2025-12-29 22:34:46.402319,19.999999999999996,0.0046,12,0,1,Stable
194,Lead,Industrial,USD/T,nan,1946.23,1946.23,23.3,-1.18,-2.61,-4.71,-0.3,-2.59,2025-12-15,2025-12-15,2025-12-29 22:34:46.402319,-19.74576271186441,-0.0118,12,0,0,Stable
70,Lean Hogs,Livestock,USd/Lbs,nan,84.525,,0.35,0.42,3.52,8.26,3.97,-1.26,2025-12-14,2025-12-14,2025-12-29 22:34:46.402319,0.8333333333333333,0.0042,12,6,1,Stable
214,Lean Hogs,Livestock,USd/Lbs,nan,83.664,,0.861,-1.02,1.66,6.48,2.91,0.14,2025-12-15,2025-12-15,2025-12-29 22:34:46.402319,-0.8441176470588235,-0.0102,12,0,0,Stable
657,Lean Hogs,Livestock,USd/Lbs,USd,84.55,,0.025,0.03,-0.94,5.39,4.0,3.58,2025-12-29,2025-12-29,2025-12-29 22:34:46.402319,0.8333333333333334,0.0003,12,0,1,Stable
518,Lean Hogs,Livestock,USd/Lbs,nan,84.525,,0.5624,-0.66,0.03,4.87,3.97,0.45,2025-12-28,2025-12-28,2025-12-29 22:34:46.402319,-0.8521212121212121,-0.0066,12,6,0,Stable
295,Lean Hogs,Livestock,USd/Lbs,nan,84.5,,0.375,0.45,-0.03,6.32,3.94,-1.66,2025-12-20,2025-12-20,2025-12-29 22:34:46.402319,0.8333333333333333,0.0045000000000000005,12,5,1,Stable
103,Lean Hogs,Livestock,USd/Lbs,nan,84.525,,0.35,0.42,3.52,8.26,3.97,-1.26,2025-12-12,2025-12-14,2025-12-29 22:34:46.402319,0.8333333333333333,0.0042,12,4,1,Stable
415,Lean Hogs,Livestock,USd/Lbs,nan,84.5,,0.375,0.45,-0.03,6.32,3.94,-1.66,2025-12-21,2025-12-21,2025-12-29 22:34:46.402319,0.8333333333333333,0.0045000000000000005,12,6,1,Stable
1430,Lean Hogs,Livestock,USd/Lbs,USd,85.675,,0.475,-0.55,0.26,4.1,0.68,8.21,2026-01-07,2026-01-07,2026-01-07 10:16:49.372682,-0.8636363636363635,-0.0055000000000000005,1,2,0,Stable
538,Lithium,Metals,CNY/T,nan,111900.0,,7000.0,6.67,14.59,19.94,49.1,48.11,2025-12-28,2025-12-28,2025-12-29 22:34:46.402319,1049.4752623688155,0.0667,12,6,1,Increase
304,Lithium,Metals,CNY/T,nan,97650.0,,100.0,0.1,3.33,6.96,30.11,29.25,2025-12-20,2025-12-20,2025-12-29 22:34:46.402319,1000.0,0.001,12,5,1,Stable
579,Lithium,Metals,CNY/T,CNY,118000.0,,6100.0,5.45,19.19,25.07,57.23,57.23,2025-12-29,2025-12-29,2025-12-29 22:34:46.402319,1119.2660550458716,0.0545,12,0,1,Increase
428,Lithium,Metals,CNY/T,nan,97650.0,,100.0,0.1,3.33,6.96,30.11,29.25,2025-12-21,2025-12-21,2025-12-29 22:34:46.402319,1000.0,0.001,12,6,1,Stable
248,Lithium,Metals,CNY/T,nan,95150.0,,650.0,0.69,2.59,10.45,26.78,25.2,2025-12-15,2025-12-15,2025-12-29 22:34:46.402319,942.0289855072465,0.0069,12,0,1,Stable
63,Lithium,Metals,CNY/T,nan,94500.0,,1000.0,1.07,1.34,12.03,25.92,23.69,2025-12-14,2025-12-14,2025-12-29 22:34:46.402319,934.5794392523364,0.010700000000000001,12,6,1,Stable
1352,Lithium,Metals,CNY/T,CNY,133500.0,,6000.0,4.71,12.66,43.94,12.66,76.82,2026-01-07,2026-01-07,2026-01-07 10:16:49.372682,1273.8853503184714,0.0471,1,2,1,Stable
24,Lithium,Metals,CNY/T,nan,94500.0,,1000.0,1.07,1.34,12.03,25.92,23.69,2025-12-12,2025-12-14,2025-12-29 22:34:46.402319,934.5794392523364,0.010700000000000001,12,4,1,Stable
519,Live Cattle,Livestock,USd/Lbs,nan,229.8,,1.1,0.48,-0.26,6.6,19.94,18.76,2025-12-28,2025-12-28,2025-12-29 22:34:46.402319,2.291666666666667,0.0048,12,6,1,Stable
1429,Live Cattle,Livestock,USd/Lbs,USd,236.675,,0.8,0.34,2.69,4.11,2.19,20.94,2026-01-07,2026-01-07,2026-01-07 10:16:49.372682,2.3529411764705883,0.0034000000000000002,1,2,1,Stable
288,Live Cattle,Livestock,USd/Lbs,nan,230.4,,1.975,0.86,0.26,7.3,20.26,20.29,2025-12-20,2025-12-20,2025-12-29 22:34:46.402319,2.296511627906977,0.0086,12,5,1,Stable
19,Live Cattle,Livestock,USd/Lbs,nan,230.05,,0.325,-0.14,1.28,5.05,20.08,18.81,2025-12-14,2025-12-14,2025-12-29 22:34:46.402319,-2.321428571428571,-0.0014000000000000002,12,6,0,Stable
221,Live Cattle,Livestock,USd/Lbs,nan,230.1973,,0.3973,0.17,1.26,4.03,20.15,19.89,2025-12-15,2025-12-15,2025-12-29 22:34:46.402319,2.3370588235294116,0.0017000000000000001,12,0,1,Stable
92,Live Cattle,Livestock,USd/Lbs,nan,230.05,,0.325,-0.14,1.28,5.05,20.08,18.81,2025-12-12,2025-12-14,2025-12-29 22:34:46.402319,-2.321428571428571,-0.0014000000000000002,12,4,0,Stable
419,Live Cattle,Livestock,USd/Lbs,nan,230.4,,1.975,0.86,0.26,7.3,20.26,20.29,2025-12-21,2025-12-21,2025-12-29 22:34:46.402319,2.296511627906977,0.0086,12,6,1,Stable
656,Live Cattle,Livestock,USd/Lbs,USd,229.175,,0.65,-0.28,-0.67,6.99,19.62,18.09,2025-12-29,2025-12-29,2025-12-29 22:34:46.402319,-2.321428571428571,-0.0028000000000000004,12,0,0,Stable
1378,Lumber,Agricultural,USD/1000 board feet,USD,532.0,532.0,0.5,0.09,-1.48,-2.74,-1.21,-3.54,2026-01-07,2026-01-07,2026-01-07 10:16:49.372682,5.555555555555555,0.0009,1,2,1,Stable
57,Lumber,Agricultural,USD/1000 board feet,nan,556.53,556.53,0.03,0.01,3.16,-3.21,1.18,3.06,2025-12-14,2025-12-14,2025-12-29 22:34:46.402319,3.0,0.0001,12,6,1,Stable
468,Lumber,Agricultural,USD/1000 board feet,nan,557.0,557.0,0.0,0.0,-0.18,3.53,1.26,-2.12,2025-12-21,2025-12-21,2025-12-29 22:34:46.402319,,0.0,12,6,0,Stable
14,Lumber,Agricultural,USD/1000 board feet,nan,556.53,556.53,0.03,0.01,3.16,-3.21,1.18,3.06,2025-12-12,2025-12-14,2025-12-29 22:34:46.402319,3.0,0.0001,12,4,1,Stable
605,Lumber,Agricultural,USD/1000 board feet,USD,541.53,541.53,10.47,-1.9,-0.54,0.84,-1.55,-2.24,2025-12-29,2025-12-29,2025-12-29 22:34:46.402319,-5.510526315789474,-0.019,12,0,0,Stable
270,Lumber,Agricultural,USD/1000 board feet,nan,558.56,558.56,0.56,0.1,2.11,2.39,1.55,5.17,2025-12-15,2025-12-15,2025-12-29 22:34:46.402319,5.6000000000000005,0.001,12,0,1,Stable
355,Lumber,Agricultural,USD/1000 board feet,nan,557.0,557.0,0.0,0.0,-0.18,3.53,1.26,-2.12,2025-12-20,2025-12-20,2025-12-29 22:34:46.402319,,0.0,12,5,0,Stable
569,Lumber,Agricultural,USD/1000 board feet,nan,550.07,550.07,0.05,0.01,-1.24,1.12,0.0,-2.48,2025-12-28,2025-12-28,2025-12-29 22:34:46.402319,5.0,0.0001,12,6,1,Stable
388,Magnesium,Industrial,CNY/T,nan,16600.0,,50.0,0.3,0.3,-2.64,-2.35,-2.92,2025-12-21,2025-12-21,2025-12-29 22:34:46.402319,166.66666666666669,0.003,12,6,1,Stable
648,Magnesium,Industrial,CNY/T,CNY,16650.0,,0.0,0.0,0.0,-2.06,-2.06,-2.06,2025-12-29,2025-12-29,2025-12-29 22:34:46.402319,,0.0,12,0,0,Stable
300,Magnesium,Industrial,CNY/T,nan,16600.0,,50.0,0.3,0.3,-2.64,-2.35,-2.92,2025-12-20,2025-12-20,2025-12-29 22:34:46.402319,166.66666666666669,0.003,12,5,1,Stable
111,Magnesium,Industrial,CNY/T,nan,16550.0,,50.0,-0.3,-2.07,-3.5,-2.65,-3.22,2025-12-12,2025-12-14,2025-12-29 22:34:46.402319,-166.66666666666669,-0.003,12,4,0,Stable
497,Magnesium,Industrial,CNY/T,nan,16650.0,,50.0,-0.3,0.3,-2.63,-2.06,-2.06,2025-12-28,2025-12-28,2025-12-29 22:34:46.402319,-166.66666666666669,-0.003,12,6,0,Stable
1421,Magnesium,Industrial,CNY/T,CNY,17250.0,,200.0,1.17,3.6,2.37,3.6,1.47,2026-01-07,2026-01-07,2026-01-07 10:16:49.372682,170.94017094017096,0.011699999999999999,1,2,1,Stable
153,Magnesium,Industrial,CNY/T,nan,16550.0,,50.0,-0.3,-2.07,-3.5,-2.65,-3.22,2025-12-14,2025-12-14,2025-12-29 22:34:46.402319,-166.66666666666669,-0.003,12,6,0,Stable
207,Magnesium,Industrial,CNY/T,nan,16500.0,,50.0,-0.3,-2.08,-3.23,-2.94,-3.51,2025-12-15,2025-12-15,2025-12-29 22:34:46.402319,-166.66666666666669,-0.003,12,0,0,Stable
211,Manganese,Industrial,CNY/mtu,nan,30.25,,0.0,0.0,1.34,1.34,5.22,3.42,2025-12-15,2025-12-15,2025-12-29 22:34:46.402319,,0.0,12,0,0,Stable
1425,Manganese,Industrial,CNY/mtu,CNY,30.55,,0.3,0.99,0.99,2.35,0.99,6.26,2026-01-07,2026-01-07,2026-01-07 10:16:49.372682,0.30303030303030304,0.009899999999999999,1,2,1,Stable
501,Manganese,Industrial,CNY/mtu,nan,30.25,,0.0,0.0,0.0,1.34,5.22,5.22,2025-12-28,2025-12-28,2025-12-29 22:34:46.402319,,0.0,12,6,0,Stable
286,Manganese,Industrial,CNY/mtu,nan,30.25,,0.0,0.0,0.0,1.34,5.22,5.22,2025-12-20,2025-12-20,2025-12-29 22:34:46.402319,,0.0,12,5,0,Stable
128,Manganese,Industrial,CNY/mtu,nan,30.25,,0.0,0.0,1.34,1.34,5.22,3.42,2025-12-12,2025-12-14,2025-12-29 22:34:46.402319,,0.0,12,4,0,Stable
35,Manganese,Industrial,CNY/mtu,nan,30.25,,0.0,0.0,1.34,1.34,5.22,3.42,2025-12-14,2025-12-14,2025-12-29 22:34:46.402319,,0.0,12,6,0,Stable
402,Manganese,Industrial,CNY/mtu,nan,30.25,,0.0,0.0,0.0,1.34,5.22,5.22,2025-12-21,2025-12-21,2025-12-29 22:34:46.402319,,0.0,12,6,0,Stable
652,Manganese,Industrial,CNY/mtu,CNY,30.25,,0.0,0.0,0.0,1.34,5.22,5.22,2025-12-29,2025-12-29,2025-12-29 22:34:46.402319,,0.0,12,0,0,Stable
321,Methanol,Energy,CNY/T,nan,2116.0,,16.0,-0.75,2.37,7.03,-23.53,-19.67,2025-12-20,2025-12-20,2025-12-29 22:34:46.402319,-21.333333333333332,-0.0075,12,5,0,Stable
158,Methanol,Energy,CNY/T,nan,2067.0,,7.0,-0.34,-0.48,0.73,-25.3,-20.47,2025-12-12,2025-12-14,2025-12-29 22:34:46.402319,-20.588235294117645,-0.0034000000000000002,12,4,0,Stable
551,Methanol,Energy,CNY/T,nan,2130.0,,1.0,0.05,0.66,2.75,-23.02,-20.22,2025-12-28,2025-12-28,2025-12-29 22:34:46.402319,20.0,0.0005,12,6,1,Stable
237,Methanol,Energy,CNY/T,nan,2074.0,,7.0,0.34,2.78,4.01,-25.05,-20.45,2025-12-15,2025-12-15,2025-12-29 22:34:46.402319,20.588235294117645,0.0034000000000000002,12,0,1,Stable
1359,Methanol,Energy,CNY/T,CNY,2235.0,,33.0,-1.46,2.05,10.75,2.05,-15.21,2026-01-07,2026-01-07,2026-01-07 10:16:49.372682,-22.602739726027398,-0.0146,1,2,0,Stable
68,Methanol,Energy,CNY/T,nan,2067.0,,7.0,-0.34,-0.48,0.73,-25.3,-20.47,2025-12-14,2025-12-14,2025-12-29 22:34:46.402319,-20.588235294117645,-0.0034000000000000002,12,6,0,Stable
436,Methanol,Energy,CNY/T,nan,2116.0,,16.0,-0.75,2.37,7.03,-23.53,-19.67,2025-12-21,2025-12-21,2025-12-29 22:34:46.402319,-21.333333333333332,-0.0075,12,6,0,Stable
586,Methanol,Energy,CNY/T,CNY,2117.0,,13.0,-0.61,0.05,0.86,-23.49,-22.11,2025-12-29,2025-12-29,2025-12-29 22:34:46.402319,-21.311475409836067,-0.0060999999999999995,12,0,0,Stable
80,Milk,Agricultural,USD/CWT,nan,15.89,15.89,0.02,0.13,-0.81,-7.62,-15.07,-15.3,2025-12-14,2025-12-14,2025-12-29 22:34:46.402319,0.15384615384615385,0.0013,12,6,1,Stable
277,Milk,Agricultural,USD/CWT,nan,15.84,15.84,0.05,-0.31,-0.63,-7.96,-15.34,-15.52,2025-12-15,2025-12-15,2025-12-29 22:34:46.402319,-0.16129032258064518,-0.0031,12,0,0,Stable
1381,Milk,Agricultural,USD/CWT,USD,15.1,15.1,0.01,0.07,-0.79,-5.27,-0.79,-25.91,2026-01-07,2026-01-07,2026-01-07 10:16:49.372682,0.14285714285714285,0.0007000000000000001,1,2,1,Stable
33,Milk,Agricultural,USD/CWT,nan,15.89,15.89,0.02,0.13,-0.81,-7.62,-15.07,-15.3,2025-12-12,2025-12-14,2025-12-29 22:34:46.402319,0.15384615384615385,0.0013,12,4,1,Stable
376,Milk,Agricultural,USD/CWT,nan,15.77,15.77,0.02,-0.13,-0.76,-8.37,-15.71,-15.58,2025-12-20,2025-12-20,2025-12-29 22:34:46.402319,-0.15384615384615385,-0.0013,12,5,0,Stable
608,Milk,Agricultural,USD/CWT,USD,15.87,15.87,0.01,0.06,0.63,-7.46,-15.18,-15.18,2025-12-29,2025-12-29,2025-12-29 22:34:46.402319,0.16666666666666669,0.0006,12,0,1,Stable
455,Milk,Agricultural,USD/CWT,nan,15.77,15.77,0.02,-0.13,-0.76,-8.37,-15.71,-15.58,2025-12-21,2025-12-21,2025-12-29 22:34:46.402319,-0.15384615384615385,-0.0013,12,6,0,Stable
566,Milk,Agricultural,USD/CWT,nan,15.86,15.86,0.05,-0.31,0.57,-7.79,-15.23,-15.14,2025-12-28,2025-12-28,2025-12-29 22:34:46.402319,-0.16129032258064518,-0.0031,12,6,0,Stable
1405,Molybdenum,Industrial,CNY/Kg,CNY,495.0,,12.5,2.59,9.39,8.67,9.39,5.54,2026-01-07,2026-01-07,2026-01-07 10:16:49.372682,4.826254826254827,0.0259,1,2,1,Stable
632,Molybdenum,Industrial,CNY/Kg,CNY,450.5,,0.0,0.0,0.0,-1.1,-3.94,-3.94,2025-12-29,2025-12-29,2025-12-29 22:34:46.402319,,0.0,12,0,0,Stable
338,Molybdenum,Industrial,CNY/Kg,nan,450.5,,5.0,-1.1,-1.1,-3.22,-3.94,-3.94,2025-12-20,2025-12-20,2025-12-29 22:34:46.402319,-4.545454545454545,-0.011000000000000001,12,5,0,Stable
197,Molybdenum,Industrial,CNY/Kg,nan,455.5,,0.0,0.0,0.0,-2.15,-2.88,-3.09,2025-12-15,2025-12-15,2025-12-29 22:34:46.402319,,0.0,12,0,0,Stable
492,Molybdenum,Industrial,CNY/Kg,nan,450.5,,0.0,0.0,0.0,-1.1,-3.94,-3.94,2025-12-28,2025-12-28,2025-12-29 22:34:46.402319,,0.0,12,6,0,Stable
389,Molybdenum,Industrial,CNY/Kg,nan,450.5,,5.0,-1.1,-1.1,-3.22,-3.94,-3.94,2025-12-21,2025-12-21,2025-12-29 22:34:46.402319,-4.545454545454545,-0.011000000000000001,12,6,0,Stable
149,Molybdenum,Industrial,CNY/Kg,nan,455.5,,0.0,0.0,0.0,-2.15,-2.88,-3.09,2025-12-14,2025-12-14,2025-12-29 22:34:46.402319,,0.0,12,6,0,Stable
76,Molybdenum,Industrial,CNY/Kg,nan,455.5,,0.0,0.0,0.0,-2.15,-2.88,-3.09,2025-12-12,2025-12-14,2025-12-29 22:34:46.402319,,0.0,12,4,0,Stable
239,Naphtha,Energy,USD/T,nan,508.17,508.17,3.55,-0.69,-2.57,-5.14,-16.9,-16.74,2025-12-15,2025-12-15,2025-12-29 22:34:46.402319,-5.144927536231884,-0.0069,12,0,0,Stable
539,Naphtha,Energy,USD/T,nan,502.39,502.39,3.82,-0.75,0.12,-4.89,-17.84,-17.58,2025-12-28,2025-12-28,2025-12-29 22:34:46.402319,-5.093333333333333,-0.0075,12,6,0,Stable
587,Naphtha,Energy,USD/T,USD,490.33,490.33,12.05,-2.4,-1.38,-3.99,-19.81,-19.67,2025-12-29,2025-12-29,2025-12-29 22:34:46.402319,-5.020833333333334,-0.024,12,0,0,Stable
1360,Naphtha,Energy,USD/T,USD,489.8,489.8,4.2,-0.85,-1.28,-5.23,0.29,-23.77,2026-01-07,2026-01-07,2026-01-07 10:16:49.372682,-4.9411764705882355,-0.0085,1,2,0,Stable
439,Naphtha,Energy,USD/T,nan,502.29,502.29,0.51,0.1,-1.84,-5.95,-17.86,-17.38,2025-12-21,2025-12-21,2025-12-29 22:34:46.402319,5.1,0.001,12,6,1,Stable
324,Naphtha,Energy,USD/T,nan,502.29,502.29,0.51,0.1,-1.84,-5.95,-17.86,-17.38,2025-12-20,2025-12-20,2025-12-29 22:34:46.402319,5.1,0.001,12,5,1,Stable
67,Naphtha,Energy,USD/T,nan,508.17,508.17,3.55,-0.69,-2.57,-5.14,-16.9,-16.74,2025-12-12,2025-12-14,2025-12-29 22:34:46.402319,-5.144927536231884,-0.0069,12,4,0,Stable
10,Natural gas,Energy,USD/MMBtu,nan,4.113,4.113,0.118,-2.79,-22.23,-11.47,13.21,25.4,2025-12-14,2025-12-14,2025-12-29 22:34:46.402319,-0.042293906810035836,-0.0279,12,6,0,Stable
442,Natural gas,Energy,USD/MMBtu,nan,3.984,3.984,0.076,1.94,-3.14,-14.63,9.66,6.3,2025-12-21,2025-12-21,2025-12-29 22:34:46.402319,0.03917525773195876,0.0194,12,6,1,Stable
1357,Natural gas,Energy,USD/MMBtu,USD,3.4843,3.4843,0.1343,4.01,-5.47,-29.07,-5.47,-4.57,2026-01-07,2026-01-07,2026-01-07 10:16:49.372682,0.03349127182044888,0.0401,1,2,1,Stable
28,Natural gas,Energy,USD/MMBtu,nan,4.113,4.113,0.118,-2.79,-22.23,-11.47,13.21,25.4,2025-12-12,2025-12-14,2025-12-29 22:34:46.402319,-0.042293906810035836,-0.0279,12,4,0,Stable
306,Natural gas,Energy,USD/MMBtu,nan,3.984,3.984,0.076,1.94,-3.14,-14.63,9.66,6.3,2025-12-20,2025-12-20,2025-12-29 22:34:46.402319,0.03917525773195876,0.0194,12,5,1,Stable
584,Natural gas,Energy,USD/MMBtu,USD,3.9381,3.9381,0.0611,1.58,-0.68,-19.97,8.4,0.05,2025-12-29,2025-12-29,2025-12-29 22:34:46.402319,0.038670886075949366,0.0158,12,0,1,Stable
543,Natural gas,Energy,USD/MMBtu,nan,4.366,4.366,0.0868,2.03,9.59,-5.68,20.18,29.06,2025-12-28,2025-12-28,2025-12-29 22:34:46.402319,0.04275862068965518,0.0203,12,6,1,Stable
186,Natural gas,Energy,USD/MMBtu,nan,4.0618,4.0618,0.0512,-1.24,-17.31,-6.86,11.8,26.38,2025-12-15,2025-12-15,2025-12-29 22:34:46.402319,-0.04129032258064516,-0.0124,12,0,0,Stable
382,Neodymium,Industrial,CNY/T,nan,715000.0,,2500.0,-0.35,-1.04,0.0,43.86,43.57,2025-12-21,2025-12-21,2025-12-29 22:34:46.402319,-7142.857142857143,-0.0034999999999999996,12,6,0,Stable
328,Neodymium,Industrial,CNY/T,nan,715000.0,,2500.0,-0.35,-1.04,0.0,43.86,43.57,2025-12-20,2025-12-20,2025-12-29 22:34:46.402319,-7142.857142857143,-0.0034999999999999996,12,5,0,Stable
637,Neodymium,Industrial,CNY/T,CNY,752500.0,,20000.0,2.73,3.44,1.35,51.41,51.1,2025-12-29,2025-12-29,2025-12-29 22:34:46.402319,7326.007326007326,0.0273,12,0,1,Stable
176,Neodymium,Industrial,CNY/T,nan,722500.0,,0.0,0.0,0.0,3.96,45.37,41.67,2025-12-14,2025-12-14,2025-12-29 22:34:46.402319,,0.0,12,6,0,Stable
478,Neodymium,Industrial,CNY/T,nan,732500.0,,5000.0,-0.68,2.45,4.34,47.38,47.09,2025-12-28,2025-12-28,2025-12-29 22:34:46.402319,-7352.941176470587,-0.0068000000000000005,12,6,0,Stable
1410,Neodymium,Industrial,CNY/T,CNY,762500.0,,10000.0,1.33,1.33,5.54,1.33,52.81,2026-01-07,2026-01-07,2026-01-07 10:16:49.372682,7518.796992481202,0.013300000000000001,1,2,1,Stable
154,Neodymium,Industrial,CNY/T,nan,722500.0,,0.0,0.0,0.0,3.96,45.37,41.67,2025-12-12,2025-12-14,2025-12-29 22:34:46.402319,,0.0,12,4,0,Stable
182,Neodymium,Industrial,CNY/T,nan,722500.0,,0.0,0.0,0.0,3.96,45.37,41.67,2025-12-15,2025-12-15,2025-12-29 22:34:46.402319,,0.0,12,0,0,Stable
1408,Nickel,Industrial,USD/T,USD,18336.0,18336.0,95.0,-0.51,9.47,23.18,9.47,18.64,2026-01-07,2026-01-07,2026-01-07 10:16:49.372682,-186.27450980392157,-0.0051,1,2,0,Stable
635,Nickel,Industrial,USD/T,USD,15760.0,15760.0,100.0,0.64,3.28,5.95,3.01,1.74,2025-12-29,2025-12-29,2025-12-29 22:34:46.402319,156.25,0.0064,12,0,1,Stable
191,Nickel,Industrial,USD/T,nan,14270.0,14270.0,350.0,-2.39,-4.13,-2.76,-6.73,-8.93,2025-12-15,2025-12-15,2025-12-29 22:34:46.402319,-146.44351464435147,-0.0239,12,0,0,Stable
393,Nickel,Industrial,USD/T,nan,14900.0,14900.0,270.0,1.85,1.92,3.08,-2.61,-2.93,2025-12-21,2025-12-21,2025-12-29 22:34:46.402319,145.94594594594594,0.018500000000000003,12,6,1,Stable
339,Nickel,Industrial,USD/T,nan,14900.0,14900.0,270.0,1.85,1.92,3.08,-2.61,-2.93,2025-12-20,2025-12-20,2025-12-29 22:34:46.402319,145.94594594594594,0.018500000000000003,12,5,1,Stable
493,Nickel,Industrial,USD/T,nan,15660.0,15660.0,0.0,0.0,5.1,5.53,2.35,2.32,2025-12-28,2025-12-28,2025-12-29 22:34:46.402319,,0.0,12,6,0,Stable
77,Nickel,Industrial,USD/T,nan,14620.0,14620.0,10.0,0.07,-2.34,-2.27,-4.44,-7.91,2025-12-12,2025-12-14,2025-12-29 22:34:46.402319,142.85714285714283,0.0007000000000000001,12,4,1,Stable
108,Nickel,Industrial,USD/T,nan,14620.0,14620.0,10.0,0.07,-2.34,-2.27,-4.44,-7.91,2025-12-14,2025-12-14,2025-12-29 22:34:46.402319,142.85714285714283,0.0007000000000000001,12,6,1,Stable
507,Nuclear Energy Index,Index,USD,nan,45.88,45.88,0.42,-0.91,-0.59,1.98,71.39,62.12,2025-12-28,2025-12-28,2025-12-29 22:34:46.402319,-0.4615384615384615,-0.0091,12,6,0,Stable
1442,Nuclear Energy Index,Index,USD,USD,49.28,49.28,0.47,-0.94,14.52,3.62,14.52,77.46,2026-01-07,2026-01-07,2026-01-07 10:16:49.372682,-0.5,-0.009399999999999999,1,2,0,Stable
129,Nuclear Energy Index,Index,USD,nan,46.19,46.19,2.81,-5.73,-4.29,2.3,72.54,57.06,2025-12-12,2025-12-14,2025-12-29 22:34:46.402319,-0.49040139616055844,-0.057300000000000004,12,4,0,Decrease
408,Nuclear Energy Index,Index,USD,nan,46.15,46.15,1.75,3.94,-0.09,9.75,72.39,65.95,2025-12-21,2025-12-21,2025-12-29 22:34:46.402319,0.44416243654822335,0.0394,12,6,1,Stable
669,Nuclear Energy Index,Index,USD,USD,45.8,45.8,0.08,-0.17,-1.02,4.09,71.09,71.79,2025-12-29,2025-12-29,2025-12-29 22:34:46.402319,-0.47058823529411764,-0.0017000000000000001,12,0,0,Stable
62,Nuclear Energy Index,Index,USD,nan,46.19,46.19,2.81,-5.73,-4.29,2.3,72.54,57.06,2025-12-14,2025-12-14,2025-12-29 22:34:46.402319,-0.49040139616055844,-0.057300000000000004,12,6,0,Decrease
204,Nuclear Energy Index,Index,USD,nan,45.08,45.08,1.11,-2.4,-5.21,3.35,68.4,55.13,2025-12-15,2025-12-15,2025-12-29 22:34:46.402319,-0.4625000000000001,-0.024,12,0,0,Stable
362,Nuclear Energy Index,Index,USD,nan,46.15,46.15,1.75,3.94,-0.09,9.75,72.39,65.95,2025-12-20,2025-12-20,2025-12-29 22:34:46.402319,0.44416243654822335,0.0394,12,5,1,Stable
560,Oat,Agricultural,USd/Bu,nan,307.255,,3.4811,1.15,3.11,4.24,-7.03,-3.38,2025-12-28,2025-12-28,2025-12-29 22:34:46.402319,3.02704347826087,0.0115,12,6,1,Stable
354,Oat,Agricultural,USd/Bu,nan,297.254,,0.004,0.0,3.94,-2.78,-10.06,-15.37,2025-12-20,2025-12-20,2025-12-29 22:34:46.402319,,0.0,12,5,0,Stable
460,Oat,Agricultural,USd/Bu,nan,297.254,,0.004,0.0,3.94,-2.78,-10.06,-15.37,2025-12-21,2025-12-21,2025-12-29 22:34:46.402319,,0.0,12,6,0,Stable
22,Oat,Agricultural,USd/Bu,nan,286.2619,,4.9881,-1.71,-7.21,-8.18,-13.39,-22.37,2025-12-14,2025-12-14,2025-12-29 22:34:46.402319,-2.9170175438596493,-0.0171,12,6,0,Stable
615,Oat,Agricultural,USd/Bu,USd,305.75,,2.25,-0.73,2.69,4.8,-7.49,-5.63,2025-12-29,2025-12-29,2025-12-29 22:34:46.402319,-3.0821917808219177,-0.0073,12,0,0,Stable
137,Oat,Agricultural,USd/Bu,nan,286.2619,,4.9881,-1.71,-7.21,-8.18,-13.39,-22.37,2025-12-12,2025-12-14,2025-12-29 22:34:46.402319,-2.9170175438596493,-0.0171,12,4,0,Stable
1388,Oat,Agricultural,USd/Bu,USd,309.0356,,2.0298,0.66,2.16,3.18,2.16,-4.62,2026-01-07,2026-01-07,2026-01-07 10:16:49.372682,3.075454545454545,0.0066,1,2,1,Stable
262,Oat,Agricultural,USd/Bu,nan,281.5248,,4.4752,-1.56,-6.0,-8.74,-14.82,-23.5,2025-12-15,2025-12-15,2025-12-29 22:34:46.402319,-2.868717948717949,-0.015600000000000001,12,0,0,Stable
83,Orange Juice,Agricultural,USd/Lbs,nan,163.15,,10.0,6.53,11.98,-1.54,-67.21,-68.19,2025-12-14,2025-12-14,2025-12-29 22:34:46.402319,1.5313935681470137,0.0653,12,6,1,Increase
23,Orange Juice,Agricultural,USd/Lbs,nan,163.15,,10.0,6.53,11.98,-1.54,-67.21,-68.19,2025-12-12,2025-12-14,2025-12-29 22:34:46.402319,1.5313935681470137,0.0653,12,4,1,Increase
475,Orange Juice,Agricultural,USd/Lbs,nan,198.1,,20.0,11.23,21.42,30.07,-60.18,-61.86,2025-12-21,2025-12-21,2025-12-29 22:34:46.402319,1.7809439002671414,0.11230000000000001,12,6,1,Increase
374,Orange Juice,Agricultural,USd/Lbs,nan,198.1,,20.0,11.23,21.42,30.07,-60.18,-61.86,2025-12-20,2025-12-20,2025-12-29 22:34:46.402319,1.7809439002671414,0.11230000000000001,12,5,1,Increase
646,Orange Juice,Agricultural,USd/Lbs,USd,200.83,,1.42,-0.7,-3.89,35.19,-59.63,-59.24,2025-12-29,2025-12-29,2025-12-29 22:34:46.402319,-2.0285714285714285,-0.006999999999999999,12,0,0,Stable
1419,Orange Juice,Agricultural,USd/Lbs,USd,207.43,,0.42,-0.2,2.74,35.49,1.09,-59.11,2026-01-07,2026-01-07,2026-01-07 10:16:49.372682,-2.0999999999999996,-0.002,1,2,0,Stable
275,Orange Juice,Agricultural,USd/Lbs,nan,166.94,,3.79,2.32,9.04,7.32,-66.44,-68.67,2025-12-15,2025-12-15,2025-12-29 22:34:46.402319,1.6336206896551726,0.0232,12,0,1,Stable
564,Orange Juice,Agricultural,USd/Lbs,nan,202.25,,7.24,-3.46,2.09,34.78,-59.35,-59.99,2025-12-28,2025-12-28,2025-12-29 22:34:46.402319,-2.092485549132948,-0.0346,12,6,0,Stable
633,Palladium,Industrial,USD/t.oz,USD,1675.0,1675.0,310.0,-15.62,-8.09,17.87,88.41,90.56,2025-12-29,2025-12-29,2025-12-29 22:34:46.402319,-19.846350832266324,-0.1562,12,0,0,Decrease
327,Palladium,Industrial,USD/t.oz,nan,1750.5,1750.5,12.5,0.72,15.7,26.62,96.91,93.85,2025-12-20,2025-12-20,2025-12-29 22:34:46.402319,17.36111111111111,0.0072,12,5,1,Stable
130,Palladium,Industrial,USD/t.oz,nan,1513.0,1513.0,14.5,0.97,2.82,4.74,70.19,60.02,2025-12-12,2025-12-14,2025-12-29 22:34:46.402319,14.948453608247423,0.0097,12,4,1,Stable
392,Palladium,Industrial,USD/t.oz,nan,1750.5,1750.5,12.5,0.72,15.7,26.62,96.91,93.85,2025-12-21,2025-12-21,2025-12-29 22:34:46.402319,17.36111111111111,0.0072,12,6,1,Stable
491,Palladium,Industrial,USD/t.oz,nan,2020.0,2020.0,253.5,14.35,15.4,40.77,127.22,125.82,2025-12-28,2025-12-28,2025-12-29 22:34:46.402319,17.665505226480835,0.1435,12,6,1,Increase
196,Palladium,Industrial,USD/t.oz,nan,1591.5,1591.5,78.5,5.19,7.5,13.84,79.02,70.67,2025-12-15,2025-12-15,2025-12-29 22:34:46.402319,15.1252408477842,0.0519,12,0,1,Increase
150,Palladium,Industrial,USD/t.oz,nan,1513.0,1513.0,14.5,0.97,2.82,4.74,70.19,60.02,2025-12-14,2025-12-14,2025-12-29 22:34:46.402319,14.948453608247423,0.0097,12,6,1,Stable
1406,Palladium,Industrial,USD/t.oz,USD,1790.0,1790.0,78.5,-4.2,9.55,20.91,9.55,96.81,2026-01-07,2026-01-07,2026-01-07 10:16:49.372682,-18.69047619047619,-0.042,1,2,0,Stable
1379,Palm Oil,Agricultural,MYR/T,MYR,4036.0,,44.0,1.1,-0.35,-1.42,-0.35,-7.35,2026-01-07,2026-01-07,2026-01-07 10:16:49.372682,40.0,0.011000000000000001,1,2,1,Stable
256,Palm Oil,Agricultural,MYR/T,nan,4006.0,,12.0,-0.3,-2.15,-3.49,-9.86,-15.81,2025-12-15,2025-12-15,2025-12-29 22:34:46.402319,-40.0,-0.003,12,0,0,Stable
467,Palm Oil,Agricultural,MYR/T,nan,3906.0,,73.0,-1.83,-2.79,-5.95,-12.11,-11.91,2025-12-21,2025-12-21,2025-12-29 22:34:46.402319,-39.89071038251366,-0.0183,12,6,0,Stable
368,Palm Oil,Agricultural,MYR/T,nan,3906.0,,73.0,-1.83,-2.79,-5.95,-12.11,-11.91,2025-12-20,2025-12-20,2025-12-29 22:34:46.402319,-39.89071038251366,-0.0183,12,5,0,Stable
42,Palm Oil,Agricultural,MYR/T,nan,4018.0,,46.0,-1.13,-3.23,-2.62,-9.59,-18.07,2025-12-12,2025-12-14,2025-12-29 22:34:46.402319,-40.707964601769916,-0.0113,12,4,0,Stable
568,Palm Oil,Agricultural,MYR/T,nan,4087.0,,52.0,1.29,4.63,-0.05,-8.03,-11.63,2025-12-28,2025-12-28,2025-12-29 22:34:46.402319,40.310077519379846,0.0129,12,6,1,Stable
606,Palm Oil,Agricultural,MYR/T,MYR,4049.0,,38.0,-0.93,1.56,-1.08,-8.89,-11.05,2025-12-29,2025-12-29,2025-12-29 22:34:46.402319,-40.86021505376344,-0.009300000000000001,12,0,0,Stable
90,Palm Oil,Agricultural,MYR/T,nan,4018.0,,46.0,-1.13,-3.23,-2.62,-9.59,-18.07,2025-12-14,2025-12-14,2025-12-29 22:34:46.402319,-40.707964601769916,-0.0113,12,6,0,Stable
489,Phosphorus,Industrial,CNY/T,nan,1025.0,,0.0,0.0,0.0,0.0,-4.63,-4.63,2025-12-28,2025-12-28,2025-12-29 22:34:46.402319,,0.0,12,6,0,Stable
329,Phosphorus,Industrial,CNY/T,nan,1025.0,,0.0,0.0,0.0,0.0,-4.63,-4.63,2025-12-20,2025-12-20,2025-12-29 22:34:46.402319,,0.0,12,5,0,Stable
1420,Phosphorus,Industrial,CNY/T,CNY,1025.0,,0.0,0.0,0.0,0.0,0.0,-4.63,2026-01-07,2026-01-07,2026-01-07 10:16:49.372682,,0.0,1,2,0,Stable
390,Phosphorus,Industrial,CNY/T,nan,1025.0,,0.0,0.0,0.0,0.0,-4.63,-4.63,2025-12-21,2025-12-21,2025-12-29 22:34:46.402319,,0.0,12,6,0,Stable
165,Phosphorus,Industrial,CNY/T,nan,1025.0,,0.0,0.0,0.0,0.0,-4.63,-4.63,2025-12-14,2025-12-14,2025-12-29 22:34:46.402319,,0.0,12,6,0,Stable
181,Phosphorus,Industrial,CNY/T,nan,1025.0,,0.0,0.0,0.0,0.0,-4.63,-4.63,2025-12-15,2025-12-15,2025-12-29 22:34:46.402319,,0.0,12,0,0,Stable
121,Phosphorus,Industrial,CNY/T,nan,1025.0,,0.0,0.0,0.0,0.0,-4.63,-4.63,2025-12-12,2025-12-14,2025-12-29 22:34:46.402319,,0.0,12,4,0,Stable
647,Phosphorus,Industrial,CNY/T,CNY,1025.0,,0.0,0.0,0.0,0.0,-4.63,-4.63,2025-12-29,2025-12-29,2025-12-29 22:34:46.402319,,0.0,12,0,0,Stable
545,Platinum,Metals,USD/t.oz,nan,2507.7,2507.7,246.6,10.91,24.87,54.95,180.5,172.78,2025-12-28,2025-12-28,2025-12-29 22:34:46.402319,22.603116406966084,0.1091,12,6,1,Increase
610,Platinum,Metals,USD/t.oz,USD,2123.6,2123.6,344.1,-13.94,-1.36,27.72,137.54,136.43,2025-12-29,2025-12-29,2025-12-29 22:34:46.402319,-24.68436154949785,-0.1394,12,0,0,Decrease
238,Platinum,Metals,USD/t.oz,nan,1808.6,1808.6,51.8,2.95,9.17,18.14,102.3,93.02,2025-12-15,2025-12-15,2025-12-29 22:34:46.402319,17.559322033898304,0.029500000000000002,12,0,1,Stable
319,Platinum,Metals,USD/t.oz,nan,2008.2,2008.2,58.1,2.98,14.31,33.33,124.63,116.61,2025-12-20,2025-12-20,2025-12-29 22:34:46.402319,19.496644295302016,0.0298,12,5,1,Stable
1383,Platinum,Metals,USD/t.oz,USD,2282.8,2282.8,135.6,-5.61,11.04,37.79,11.04,135.83,2026-01-07,2026-01-07,2026-01-07 10:16:49.372682,-24.171122994652404,-0.056100000000000004,1,2,0,Decrease
163,Platinum,Metals,USD/t.oz,nan,1756.8,1756.8,50.8,2.98,6.6,11.23,96.51,90.42,2025-12-12,2025-12-14,2025-12-29 22:34:46.402319,17.04697986577181,0.0298,12,4,1,Stable
447,Platinum,Metals,USD/t.oz,nan,2008.2,2008.2,58.1,2.98,14.31,33.33,124.63,116.61,2025-12-21,2025-12-21,2025-12-29 22:34:46.402319,19.496644295302016,0.0298,12,6,1,Stable
52,Platinum,Metals,USD/t.oz,nan,1756.8,1756.8,50.8,2.98,6.6,11.23,96.51,90.42,2025-12-14,2025-12-14,2025-12-29 22:34:46.402319,17.04697986577181,0.0298,12,6,1,Stable
202,Polyethylene,Industrial,CNY/T,nan,6540.0,,34.0,0.52,-1.62,-4.53,-23.27,-22.01,2025-12-15,2025-12-15,2025-12-29 22:34:46.402319,65.38461538461539,0.0052,12,0,1,Stable
1409,Polyethylene,Industrial,CNY/T,CNY,6455.0,,100.0,1.57,2.46,-2.9,2.46,-23.41,2026-01-07,2026-01-07,2026-01-07 10:16:49.372682,63.69426751592356,0.015700000000000002,1,2,1,Stable
403,Polyethylene,Industrial,CNY/T,nan,6348.0,,119.0,-1.84,-2.43,-6.84,-25.52,-24.62,2025-12-21,2025-12-21,2025-12-29 22:34:46.402319,-64.67391304347825,-0.0184,12,6,0,Stable
636,Polyethylene,Industrial,CNY/T,CNY,6329.0,,35.0,0.56,1.39,-6.91,-25.74,-25.37,2025-12-29,2025-12-29,2025-12-29 22:34:46.402319,62.49999999999999,0.005600000000000001,12,0,1,Stable
488,Polyethylene,Industrial,CNY/T,nan,6294.0,,23.0,-0.36,-0.85,-6.27,-26.15,-25.73,2025-12-28,2025-12-28,2025-12-29 22:34:46.402319,-63.88888888888889,-0.0036,12,6,0,Stable
119,Polyethylene,Industrial,CNY/T,nan,6506.0,,73.0,-1.11,-3.05,-3.96,-23.67,-25.24,2025-12-12,2025-12-14,2025-12-29 22:34:46.402319,-65.76576576576576,-0.0111,12,4,0,Stable
365,Polyethylene,Industrial,CNY/T,nan,6348.0,,119.0,-1.84,-2.43,-6.84,-25.52,-24.62,2025-12-20,2025-12-20,2025-12-29 22:34:46.402319,-64.67391304347825,-0.0184,12,5,0,Stable
131,Polyethylene,Industrial,CNY/T,nan,6506.0,,73.0,-1.11,-3.05,-3.96,-23.67,-25.24,2025-12-14,2025-12-14,2025-12-29 22:34:46.402319,-65.76576576576576,-0.0111,12,6,0,Stable
645,Polypropylene,Industrial,CNY/T,CNY,6200.0,,47.0,0.76,2.01,-3.2,-15.97,-15.82,2025-12-29,2025-12-29,2025-12-29 22:34:46.402319,61.8421052631579,0.0076,12,0,1,Stable
156,Polypropylene,Industrial,CNY/T,nan,6148.0,,54.0,-0.87,-2.58,-4.04,-16.67,-17.59,2025-12-14,2025-12-14,2025-12-29 22:34:46.402319,-62.06896551724138,-0.0087,12,6,0,Stable
135,Polypropylene,Industrial,CNY/T,nan,6148.0,,54.0,-0.87,-2.58,-4.04,-16.67,-17.59,2025-12-12,2025-12-14,2025-12-29 22:34:46.402319,-62.06896551724138,-0.0087,12,4,0,Stable
363,Polypropylene,Industrial,CNY/T,nan,6160.0,,61.0,-0.98,0.2,-3.69,-16.51,-16.5,2025-12-20,2025-12-20,2025-12-29 22:34:46.402319,-62.244897959183675,-0.0098,12,5,0,Stable
400,Polypropylene,Industrial,CNY/T,nan,6160.0,,61.0,-0.98,0.2,-3.69,-16.51,-16.5,2025-12-21,2025-12-21,2025-12-29 22:34:46.402319,-62.244897959183675,-0.0098,12,6,0,Stable
189,Polypropylene,Industrial,CNY/T,nan,6208.0,,60.0,0.98,-0.51,-3.98,-15.86,-16.55,2025-12-15,2025-12-15,2025-12-29 22:34:46.402319,61.224489795918366,0.0098,12,0,1,Stable
486,Polypropylene,Industrial,CNY/T,nan,6153.0,,30.0,-0.49,-0.11,-2.16,-16.6,-16.56,2025-12-28,2025-12-28,2025-12-29 22:34:46.402319,-61.224489795918366,-0.0049,12,6,0,Stable
1418,Polypropylene,Industrial,CNY/T,CNY,6310.0,,61.0,0.98,1.2,1.12,1.2,-13.26,2026-01-07,2026-01-07,2026-01-07 10:16:49.372682,62.244897959183675,0.0098,1,2,1,Stable
216,Polyvinyl,Industrial,CNY/T,nan,4306.0,,59.0,1.39,-2.4,-5.28,-12.59,-13.88,2025-12-15,2025-12-15,2025-12-29 22:34:46.402319,42.44604316546763,0.0139,12,0,1,Stable
1411,Polyvinyl,Industrial,CNY/T,CNY,4693.0,,79.0,1.71,3.53,6.37,3.53,-0.32,2026-01-07,2026-01-07,2026-01-07 10:16:49.372682,46.198830409356724,0.0171,1,2,1,Stable
638,Polyvinyl,Industrial,CNY/T,CNY,4521.0,,48.0,1.07,4.46,0.07,-8.22,-9.18,2025-12-29,2025-12-29,2025-12-29 22:34:46.402319,44.85981308411215,0.010700000000000001,12,0,1,Stable
364,Polyvinyl,Industrial,CNY/T,nan,4400.0,,32.0,-0.72,3.6,0.02,-10.68,-11.49,2025-12-20,2025-12-20,2025-12-29 22:34:46.402319,-44.44444444444444,-0.0072,12,5,0,Stable
498,Polyvinyl,Industrial,CNY/T,nan,4473.0,,20.0,0.45,1.66,0.38,-9.2,-10.05,2025-12-28,2025-12-28,2025-12-29 22:34:46.402319,44.44444444444444,0.0045000000000000005,12,6,1,Stable
122,Polyvinyl,Industrial,CNY/T,nan,4247.0,,65.0,-1.51,-4.63,-6.39,-13.78,-14.87,2025-12-12,2025-12-14,2025-12-29 22:34:46.402319,-43.04635761589404,-0.0151,12,4,0,Stable
399,Polyvinyl,Industrial,CNY/T,nan,4400.0,,32.0,-0.72,3.6,0.02,-10.68,-11.49,2025-12-21,2025-12-21,2025-12-29 22:34:46.402319,-44.44444444444444,-0.0072,12,6,0,Stable
157,Polyvinyl,Industrial,CNY/T,nan,4247.0,,65.0,-1.51,-4.63,-6.39,-13.78,-14.87,2025-12-14,2025-12-14,2025-12-29 22:34:46.402319,-43.04635761589404,-0.0151,12,6,0,Stable
625,Potatoes,Agricultural,EUR/100KG,EUR,6.5,,0.0,0.0,0.0,-1.52,-77.74,-77.74,2025-12-29,2025-12-29,2025-12-29 22:34:46.402319,,0.0,12,0,0,Stable
1398,Potatoes,Agricultural,EUR/100KG,EUR,6.5,,0.0,0.0,0.0,0.0,0.0,-78.26,2026-01-07,2026-01-07,2026-01-07 10:16:49.372682,,0.0,1,2,0,Stable
347,Potatoes,Agricultural,EUR/100KG,nan,6.5,,0.0,0.0,0.0,-12.16,-77.74,-77.97,2025-12-20,2025-12-20,2025-12-29 22:34:46.402319,,0.0,12,5,0,Stable
98,Potatoes,Agricultural,EUR/100KG,nan,6.5,,0.0,0.0,0.0,-13.33,-77.74,-77.43,2025-12-12,2025-12-14,2025-12-29 22:34:46.402319,,0.0,12,4,0,Stable
490,Potatoes,Agricultural,EUR/100KG,nan,6.5,,0.0,0.0,0.0,-13.33,-77.74,-77.74,2025-12-28,2025-12-28,2025-12-29 22:34:46.402319,,0.0,12,6,0,Stable
201,Potatoes,Agricultural,EUR/100KG,nan,6.5,,0.0,0.0,0.0,-13.33,-77.74,-77.43,2025-12-15,2025-12-15,2025-12-29 22:34:46.402319,,0.0,12,0,0,Stable
424,Potatoes,Agricultural,EUR/100KG,nan,6.5,,0.0,0.0,0.0,-12.16,-77.74,-77.97,2025-12-21,2025-12-21,2025-12-29 22:34:46.402319,,0.0,12,6,0,Stable
659,Poultry,Livestock,BRL/Kgs,BRL,8.12,,0.0,0.0,0.25,0.0,-2.17,-2.17,2025-12-29,2025-12-29,2025-12-29 22:34:46.402319,,0.0,12,0,0,Stable
1432,Poultry,Livestock,BRL/Kgs,BRL,7.78,,0.0,0.0,-4.42,-4.54,-4.42,-7.71,2026-01-07,2026-01-07,2026-01-07 10:16:49.372682,,0.0,1,2,0,Stable
297,Poultry,Livestock,BRL/Kgs,nan,8.1,,0.0,0.0,-0.25,-0.25,-2.41,-1.94,2025-12-20,2025-12-20,2025-12-29 22:34:46.402319,,0.0,12,5,0,Stable
219,Poultry,Livestock,BRL/Kgs,nan,8.12,,0.03,-0.37,-0.49,1.0,-2.17,-2.17,2025-12-15,2025-12-15,2025-12-29 22:34:46.402319,-0.08108108108108109,-0.0037,12,0,0,Stable
516,Poultry,Livestock,BRL/Kgs,nan,8.12,,0.0,0.0,0.25,0.0,-2.17,-2.17,2025-12-28,2025-12-28,2025-12-29 22:34:46.402319,,0.0,12,6,0,Stable
417,Poultry,Livestock,BRL/Kgs,nan,8.1,,0.0,0.0,-0.25,-0.25,-2.41,-1.94,2025-12-21,2025-12-21,2025-12-29 22:34:46.402319,,0.0,12,6,0,Stable
127,Poultry,Livestock,BRL/Kgs,nan,8.12,,0.03,-0.37,-0.49,1.0,-2.17,-2.17,2025-12-12,2025-12-14,2025-12-29 22:34:46.402319,-0.08108108108108109,-0.0037,12,4,0,Stable
537,Propane,Energy,USD/Gal,nan,0.67,0.67,0.0,0.17,0.62,3.99,-13.45,-12.9,2025-12-28,2025-12-28,2025-12-29 22:34:46.402319,0.0,0.0017000000000000001,12,6,1,Stable
274,Propane,Energy,USD/Gal,nan,0.68,0.68,0.01,-1.28,-4.9,5.41,-12.46,-12.77,2025-12-15,2025-12-15,2025-12-29 22:34:46.402319,-0.0078125,-0.0128,12,0,0,Stable
437,Propane,Energy,USD/Gal,nan,0.67,0.67,0.0,-0.07,-3.06,3.02,-14.04,-13.73,2025-12-21,2025-12-21,2025-12-29 22:34:46.402319,-0.0,-0.0007000000000000001,12,6,0,Stable
589,Propane,Energy,USD/Gal,USD,0.67,0.67,0.0,-0.01,0.19,-1.64,-13.46,-13.16,2025-12-29,2025-12-29,2025-12-29 22:34:46.402319,-0.0,-0.0001,12,0,0,Stable
144,Propane,Energy,USD/Gal,nan,0.68,0.68,0.01,-1.28,-4.9,5.41,-12.46,-12.77,2025-12-12,2025-12-14,2025-12-29 22:34:46.402319,-0.0078125,-0.0128,12,4,0,Stable
1362,Propane,Energy,USD/Gal,USD,0.63,0.63,0.0,0.73,-5.74,-11.21,-0.59,-27.0,2026-01-07,2026-01-07,2026-01-07 10:16:49.372682,0.0,0.0073,1,2,1,Stable
322,Propane,Energy,USD/Gal,nan,0.67,0.67,0.0,-0.07,-3.06,3.02,-14.04,-13.73,2025-12-20,2025-12-20,2025-12-29 22:34:46.402319,-0.0,-0.0007000000000000001,12,5,0,Stable
258,Rapeseed,Agricultural,EUR/T,nan,476.68,,0.93,0.2,-0.01,-1.66,-6.54,-12.05,2025-12-15,2025-12-15,2025-12-29 22:34:46.402319,4.65,0.002,12,0,1,Stable
175,Rapeseed,Agricultural,EUR/T,nan,475.75,,3.0,-0.63,-0.16,-1.4,-6.72,-13.03,2025-12-12,2025-12-14,2025-12-29 22:34:46.402319,-4.761904761904762,-0.0063,12,4,0,Stable
21,Rapeseed,Agricultural,EUR/T,nan,475.75,,3.0,-0.63,-0.16,-1.4,-6.72,-13.03,2025-12-14,2025-12-14,2025-12-29 22:34:46.402319,-4.761904761904762,-0.0063,12,6,0,Stable
1394,Rapeseed,Agricultural,EUR/T,EUR,466.04,,0.96,-0.21,2.82,-2.25,2.82,-11.86,2026-01-07,2026-01-07,2026-01-07 10:16:49.372682,-4.571428571428571,-0.0021,1,2,0,Stable
349,Rapeseed,Agricultural,EUR/T,nan,453.75,,7.25,-1.57,-4.62,-6.3,-11.03,-12.1,2025-12-20,2025-12-20,2025-12-29 22:34:46.402319,-4.617834394904459,-0.015700000000000002,12,5,0,Stable
466,Rapeseed,Agricultural,EUR/T,nan,453.75,,7.25,-1.57,-4.62,-6.3,-11.03,-12.1,2025-12-21,2025-12-21,2025-12-29 22:34:46.402319,-4.617834394904459,-0.015700000000000002,12,6,0,Stable
554,Rapeseed,Agricultural,EUR/T,nan,449.79,,0.23,-0.05,-0.98,-6.92,-11.81,-13.04,2025-12-28,2025-12-28,2025-12-29 22:34:46.402319,-4.6,-0.0005,12,6,0,Stable
621,Rapeseed,Agricultural,EUR/T,EUR,452.52,,2.73,0.61,-0.65,-5.53,-11.27,-11.49,2025-12-29,2025-12-29,2025-12-29 22:34:46.402319,4.475409836065574,0.0060999999999999995,12,0,1,Stable
151,Rhodium,Industrial,USD/t oz.,nan,7975.0,7975.0,0.0,0.0,0.31,-1.54,74.32,74.32,2025-12-14,2025-12-14,2025-12-29 22:34:46.402319,,0.0,12,6,0,Stable
337,Rhodium,Industrial,USD/t oz.,nan,8050.0,8050.0,0.0,0.0,1.26,0.63,75.96,75.96,2025-12-20,2025-12-20,2025-12-29 22:34:46.402319,,0.0,12,5,0,Stable
205,Rhodium,Industrial,USD/t oz.,nan,7950.0,7950.0,0.0,0.0,-0.31,0.63,73.77,73.77,2025-12-15,2025-12-15,2025-12-29 22:34:46.402319,,0.0,12,0,0,Stable
512,Rhodium,Industrial,USD/t oz.,nan,8275.0,8275.0,25.0,0.3,2.8,4.42,80.87,80.87,2025-12-28,2025-12-28,2025-12-29 22:34:46.402319,83.33333333333334,0.003,12,6,1,Stable
634,Rhodium,Industrial,USD/t oz.,USD,8925.0,8925.0,650.0,7.86,9.85,10.87,95.08,95.08,2025-12-29,2025-12-29,2025-12-29 22:34:46.402319,82.69720101781171,0.0786,12,0,1,Increase
91,Rhodium,Industrial,USD/t oz.,nan,7950.0,7950.0,25.0,-0.31,0.0,-1.85,73.77,73.77,2025-12-12,2025-12-14,2025-12-29 22:34:46.402319,-80.64516129032258,-0.0031,12,4,0,Stable
1407,Rhodium,Industrial,USD/t oz.,USD,9950.0,9950.0,0.0,0.0,8.45,24.76,8.45,110.58,2026-01-07,2026-01-07,2026-01-07 10:16:49.372682,,0.0,1,2,0,Stable
391,Rhodium,Industrial,USD/t oz.,nan,8050.0,8050.0,0.0,0.0,1.26,0.63,75.96,75.96,2025-12-21,2025-12-21,2025-12-29 22:34:46.402319,,0.0,12,6,0,Stable
264,Rice,Agricultural,USD/cwt,nan,9.7918,9.7918,0.0682,-0.69,-3.48,-6.21,-30.18,-34.5,2025-12-15,2025-12-15,2025-12-29 22:34:46.402319,-0.09884057971014493,-0.0069,12,0,0,Stable
36,Rice,Agricultural,USD/cwt,nan,9.81,9.81,0.015,-0.15,-1.75,-5.54,-30.05,-34.51,2025-12-12,2025-12-14,2025-12-29 22:34:46.402319,-0.1,-0.0015,12,4,0,Stable
562,Rice,Agricultural,USD/cwt,nan,9.765,9.765,0.15,-1.51,-0.2,-3.75,-30.37,-29.03,2025-12-28,2025-12-28,2025-12-29 22:34:46.402319,-0.09933774834437085,-0.0151,12,6,0,Stable
461,Rice,Agricultural,USD/cwt,nan,9.8,9.8,0.225,2.35,-0.61,-2.29,-30.12,-30.37,2025-12-21,2025-12-21,2025-12-29 22:34:46.402319,0.09574468085106383,0.0235,12,6,1,Stable
1386,Rice,Agricultural,USD/cwt,USD,10.07,10.07,0.15,1.51,4.95,-0.74,4.95,-28.48,2026-01-07,2026-01-07,2026-01-07 10:16:49.372682,0.09933774834437085,0.0151,1,2,1,Stable
371,Rice,Agricultural,USD/cwt,nan,9.8,9.8,0.225,2.35,-0.61,-2.29,-30.12,-30.37,2025-12-20,2025-12-20,2025-12-29 22:34:46.402319,0.09574468085106383,0.0235,12,5,1,Stable
88,Rice,Agricultural,USD/cwt,nan,9.81,9.81,0.015,-0.15,-1.75,-5.54,-30.05,-34.51,2025-12-14,2025-12-14,2025-12-29 22:34:46.402319,-0.1,-0.0015,12,6,0,Stable
613,Rice,Agricultural,USD/cwt,USD,9.465,9.465,0.32,-3.27,-3.81,-6.98,-32.51,-30.46,2025-12-29,2025-12-29,2025-12-29 22:34:46.402319,-0.09785932721712538,-0.0327,12,0,0,Stable
276,Rubber,Agricultural,USD Cents / Kg,nan,173.7,,1.5,0.87,1.28,0.99,-12.01,-12.85,2025-12-15,2025-12-15,2025-12-29 22:34:46.402319,1.7241379310344829,0.0087,12,0,1,Stable
575,Rubber,Agricultural,USD Cents / Kg,nan,179.8,,2.2,1.24,2.57,3.87,-8.92,-7.27,2025-12-28,2025-12-28,2025-12-29 22:34:46.402319,1.774193548387097,0.0124,12,6,1,Stable
1382,Rubber,Agricultural,USD Cents / Kg,USD Cents,184.7,,2.1,1.15,2.67,7.7,2.67,-0.65,2026-01-07,2026-01-07,2026-01-07 10:16:49.372682,1.8260869565217392,0.0115,1,2,1,Stable
375,Rubber,Agricultural,USD Cents / Kg,nan,175.3,,0.7,-0.4,1.8,1.45,-11.2,-7.4,2025-12-20,2025-12-20,2025-12-29 22:34:46.402319,-1.7499999999999998,-0.004,12,5,0,Stable
609,Rubber,Agricultural,USD Cents / Kg,USD Cents,183.1,,3.3,1.84,4.63,1.72,-7.24,-7.24,2025-12-29,2025-12-29,2025-12-29 22:34:46.402319,1.793478260869565,0.0184,12,0,1,Stable
464,Rubber,Agricultural,USD Cents / Kg,nan,175.3,,0.7,-0.4,1.8,1.45,-11.2,-7.4,2025-12-21,2025-12-21,2025-12-29 22:34:46.402319,-1.7499999999999998,-0.004,12,6,0,Stable
82,Rubber,Agricultural,USD Cents / Kg,nan,172.2,,0.2,-0.12,1.06,0.29,-12.77,-13.34,2025-12-14,2025-12-14,2025-12-29 22:34:46.402319,-1.6666666666666667,-0.0012,12,6,0,Stable
41,Rubber,Agricultural,USD Cents / Kg,nan,172.2,,0.2,-0.12,1.06,0.29,-12.77,-13.34,2025-12-12,2025-12-14,2025-12-29 22:34:46.402319,-1.6666666666666667,-0.0012,12,4,0,Stable
360,Salmon,Livestock,NOK/KG,nan,75.79,,7.38,-8.87,-8.87,4.91,-19.23,2.95,2025-12-20,2025-12-20,2025-12-29 22:34:46.402319,-0.8320180383314544,-0.08869999999999999,12,5,0,Decrease
1424,Salmon,Livestock,NOK/KG,NOK,73.92,,1.95,-2.57,-2.57,-11.12,-2.57,-12.2,2026-01-07,2026-01-07,2026-01-07 10:16:49.372682,-0.7587548638132297,-0.025699999999999997,1,2,0,Stable
126,Salmon,Livestock,NOK/KG,nan,83.17,,5.93,7.68,7.68,6.41,-11.36,4.84,2025-12-05,2025-12-14,2025-12-29 22:34:46.402319,0.7721354166666666,0.0768,12,4,1,Increase
401,Salmon,Livestock,NOK/KG,nan,75.79,,7.38,-8.87,-8.87,4.91,-19.23,2.95,2025-12-21,2025-12-21,2025-12-29 22:34:46.402319,-0.8320180383314544,-0.08869999999999999,12,6,0,Decrease
269,Salmon,Livestock,NOK/KG,nan,83.17,,5.93,7.68,7.68,6.41,-11.36,4.84,2025-12-15,2025-12-15,2025-12-29 22:34:46.402319,0.7721354166666666,0.0768,12,0,1,Increase
514,Salmon,Livestock,NOK/KG,nan,75.79,,7.38,-8.87,-8.87,4.91,-19.23,2.95,2025-12-28,2025-12-28,2025-12-29 22:34:46.402319,-0.8320180383314544,-0.08869999999999999,12,6,0,Decrease
651,Salmon,Livestock,NOK/KG,NOK,75.38,,0.41,-0.54,-0.54,-1.13,-19.66,-1.32,2025-12-29,2025-12-29,2025-12-29 22:34:46.402319,-0.7592592592592592,-0.0054,12,0,0,Stable
7,Scrap Steel,Metals,USD/T,nan,366.0,366.0,0.5,-0.14,-0.27,3.1,,1.81,2025-12-14,2025-12-14,2025-12-29 22:34:46.402319,-3.571428571428571,-0.0014000000000000002,12,6,0,Stable
1374,Scrap Steel,Metals,USD/T,USD,370.0,370.0,2.0,-0.54,-0.4,1.09,1.23,2.92,2026-01-07,2026-01-07,2026-01-07 10:16:49.372682,-3.7037037037037033,-0.0054,1,2,0,Stable
141,Scrap Steel,Metals,USD/T,nan,366.0,366.0,0.5,-0.14,-0.27,3.1,,1.81,2025-12-11,2025-12-14,2025-12-29 22:34:46.402319,-3.571428571428571,-0.0014000000000000002,12,3,0,Stable
573,Scrap Steel,Metals,USD/T,nan,370.0,370.0,5.0,1.37,0.54,3.35,,2.92,2025-12-28,2025-12-28,2025-12-29 22:34:46.402319,3.64963503649635,0.0137,12,6,1,Stable
230,Scrap Steel,Metals,USD/T,nan,368.5,368.5,2.5,0.68,0.41,3.66,,2.5,2025-12-15,2025-12-15,2025-12-29 22:34:46.402319,3.676470588235294,0.0068000000000000005,12,0,1,Stable
473,Scrap Steel,Metals,USD/T,nan,367.5,367.5,0.5,-0.14,0.41,3.38,,2.23,2025-12-21,2025-12-21,2025-12-29 22:34:46.402319,-3.571428571428571,-0.0014000000000000002,12,6,0,Stable
333,Scrap Steel,Metals,USD/T,nan,367.5,367.5,0.5,-0.14,0.41,3.38,,2.23,2025-12-20,2025-12-20,2025-12-29 22:34:46.402319,-3.571428571428571,-0.0014000000000000002,12,5,0,Stable
601,Scrap Steel,Metals,USD/T,USD,370.0,370.0,5.0,1.37,0.54,3.35,,2.92,2025-12-29,2025-12-29,2025-12-29 22:34:46.402319,3.64963503649635,0.0137,12,0,1,Stable
474,Silicon,Metals,CNY/T,nan,8645.0,,10.0,0.12,2.49,-4.79,-23.5,-25.35,2025-12-21,2025-12-21,2025-12-29 22:34:46.402319,83.33333333333334,0.0012,12,6,1,Stable
252,Silicon,Metals,CNY/T,nan,8425.0,,10.0,-0.12,-2.88,-7.37,-25.44,-29.79,2025-12-15,2025-12-15,2025-12-29 22:34:46.402319,-83.33333333333334,-0.0012,12,0,0,Stable
598,Silicon,Metals,CNY/T,CNY,8625.0,,165.0,-1.88,0.41,-5.69,-23.67,-24.93,2025-12-29,2025-12-29,2025-12-29 22:34:46.402319,-87.76595744680851,-0.018799999999999997,12,0,0,Stable
179,Silicon,Metals,CNY/T,nan,8435.0,,150.0,1.81,-4.2,-7.86,-25.35,-29.47,2025-12-12,2025-12-14,2025-12-29 22:34:46.402319,82.87292817679558,0.0181,12,4,1,Stable
526,Silicon,Metals,CNY/T,nan,8790.0,,40.0,0.46,1.68,-3.03,-22.21,-23.0,2025-12-28,2025-12-28,2025-12-29 22:34:46.402319,86.95652173913044,0.0046,12,6,1,Stable
352,Silicon,Metals,CNY/T,nan,8645.0,,10.0,0.12,2.49,-4.79,-23.5,-25.35,2025-12-20,2025-12-20,2025-12-29 22:34:46.402319,83.33333333333334,0.0012,12,5,1,Stable
12,Silicon,Metals,CNY/T,nan,8435.0,,150.0,1.81,-4.2,-7.86,-25.35,-29.47,2025-12-14,2025-12-14,2025-12-29 22:34:46.402319,82.87292817679558,0.0181,12,6,1,Stable
1371,Silicon,Metals,CNY/T,CNY,8900.0,,100.0,1.14,1.42,2.59,1.42,-17.82,2026-01-07,2026-01-07,2026-01-07 10:16:49.372682,87.71929824561404,0.011399999999999999,1,2,1,Stable
240,Silver,Metals,USD/t.oz,nan,63.396,63.396,1.39,2.24,9.07,26.26,119.52,107.79,2025-12-15,2025-12-15,2025-12-29 22:34:46.402319,0.6205357142857142,0.022400000000000003,12,0,1,Stable
1367,Silver,Metals,USD/t.oz,USD,79.411,79.411,1.824,-2.24,11.44,36.62,11.44,163.56,2026-01-07,2026-01-07,2026-01-07 10:16:49.372682,-0.8142857142857143,-0.022400000000000003,1,2,0,Stable
594,Silver,Metals,USD/t.oz,USD,72.389,72.389,6.721,-8.5,4.86,24.9,150.66,150.16,2025-12-29,2025-12-29,2025-12-29 22:34:46.402319,-0.7907058823529411,-0.085,12,0,0,Decrease
48,Silver,Metals,USD/t.oz,nan,62.006,62.006,1.534,-2.41,6.39,18.56,114.71,103.53,2025-12-14,2025-12-14,2025-12-29 22:34:46.402319,-0.6365145228215767,-0.0241,12,6,0,Stable
37,Silver,Metals,USD/t.oz,nan,62.006,62.006,1.534,-2.41,6.39,18.56,114.71,103.53,2025-12-12,2025-12-14,2025-12-29 22:34:46.402319,-0.6365145228215767,-0.0241,12,4,0,Stable
531,Silver,Metals,USD/t.oz,nan,79.11,79.11,4.4,5.89,17.83,48.09,173.94,169.63,2025-12-28,2025-12-28,2025-12-29 22:34:46.402319,0.7470288624787776,0.058899999999999994,12,6,1,Increase
317,Silver,Metals,USD/t.oz,nan,67.137,67.137,1.691,2.58,8.27,32.52,132.48,127.54,2025-12-20,2025-12-20,2025-12-29 22:34:46.402319,0.6554263565891473,0.0258,12,5,1,Stable
431,Silver,Metals,USD/t.oz,nan,67.137,67.137,1.691,2.58,8.27,32.52,132.48,127.54,2025-12-21,2025-12-21,2025-12-29 22:34:46.402319,0.6554263565891473,0.0258,12,6,1,Stable
170,Soda Ash,Industrial,CNY/T,nan,1258.0,,0.0,0.0,0.0,3.62,-17.67,-18.21,2025-12-14,2025-12-14,2025-12-29 22:34:46.402319,,0.0,12,6,0,Stable
643,Soda Ash,Industrial,CNY/T,CNY,1250.0,,0.0,0.0,-0.64,-0.16,-18.19,-18.73,2025-12-29,2025-12-29,2025-12-29 22:34:46.402319,,0.0,12,0,0,Stable
192,Soda Ash,Industrial,CNY/T,nan,1258.0,,0.0,0.0,0.0,2.78,-17.67,-18.21,2025-12-15,2025-12-15,2025-12-29 22:34:46.402319,,0.0,12,0,0,Stable
133,Soda Ash,Industrial,CNY/T,nan,1258.0,,0.0,0.0,0.0,3.62,-17.67,-18.21,2025-12-12,2025-12-14,2025-12-29 22:34:46.402319,,0.0,12,4,0,Stable
383,Soda Ash,Industrial,CNY/T,nan,1258.0,,0.0,0.0,0.0,2.78,-17.67,-18.21,2025-12-21,2025-12-21,2025-12-29 22:34:46.402319,,0.0,12,6,0,Stable
293,Soda Ash,Industrial,CNY/T,nan,1258.0,,0.0,0.0,0.0,2.78,-17.67,-18.21,2025-12-20,2025-12-20,2025-12-29 22:34:46.402319,,0.0,12,5,0,Stable
1416,Soda Ash,Industrial,CNY/T,CNY,1210.0,,20.0,-1.63,-3.2,-3.82,-3.2,-19.76,2026-01-07,2026-01-07,2026-01-07 10:16:49.372682,-12.269938650306749,-0.0163,1,2,0,Stable
477,Soda Ash,Industrial,CNY/T,nan,1250.0,,0.0,0.0,-0.64,2.12,-18.19,-18.73,2025-12-28,2025-12-28,2025-12-29 22:34:46.402319,,0.0,12,6,0,Stable
1443,Solar Energy Index,Index,USD,USD,51.03,51.03,0.41,-0.8,2.7,7.21,4.02,40.19,2026-01-07,2026-01-07,2026-01-07 10:16:49.372682,-0.5125,-0.008,1,2,0,Stable
75,Solar Energy Index,Index,USD,nan,47.79,47.79,2.05,-4.11,0.97,-1.3,41.85,36.58,2025-12-12,2025-12-14,2025-12-29 22:34:46.402319,-0.49878345498783444,-0.041100000000000005,12,4,0,Stable
78,Solar Energy Index,Index,USD,nan,47.79,47.79,2.05,-4.11,0.97,-1.3,41.85,36.58,2025-12-14,2025-12-14,2025-12-29 22:34:46.402319,-0.49878345498783444,-0.041100000000000005,12,6,0,Stable
314,Solar Energy Index,Index,USD,nan,49.01,49.01,0.95,1.98,2.55,7.64,45.47,45.65,2025-12-20,2025-12-20,2025-12-29 22:34:46.402319,0.4797979797979798,0.019799999999999998,12,5,1,Stable
206,Solar Energy Index,Index,USD,nan,47.6,47.6,0.19,-0.4,0.0,-2.42,41.29,38.98,2025-12-15,2025-12-15,2025-12-29 22:34:46.402319,-0.475,-0.004,12,0,0,Stable
506,Solar Energy Index,Index,USD,nan,50.05,50.05,0.05,0.1,2.12,1.69,48.56,48.65,2025-12-28,2025-12-28,2025-12-29 22:34:46.402319,0.5,0.001,12,6,1,Stable
407,Solar Energy Index,Index,USD,nan,49.01,49.01,0.95,1.98,2.55,7.64,45.47,45.65,2025-12-21,2025-12-21,2025-12-29 22:34:46.402319,0.4797979797979798,0.019799999999999998,12,6,1,Stable
670,Solar Energy Index,Index,USD,USD,50.12,50.12,0.07,0.14,-2.66,5.16,48.77,51.28,2025-12-29,2025-12-29,2025-12-29 22:34:46.402319,0.5,0.0014000000000000002,12,0,1,Stable
1376,Soybeans,Agricultural,USd/Bu,USd,1050.47,,8.47,0.81,1.94,-3.96,1.94,5.63,2026-01-07,2026-01-07,2026-01-07 10:16:49.372682,10.45679012345679,0.008100000000000001,1,2,1,Stable
471,Soybeans,Agricultural,USd/Bu,nan,1049.25,,3.0,-0.29,-2.55,-6.53,5.11,7.67,2025-12-21,2025-12-21,2025-12-29 22:34:46.402319,-10.344827586206897,-0.0029,12,6,0,Stable
53,Soybeans,Agricultural,USd/Bu,nan,1076.75,,16.75,-1.53,-2.58,-6.12,7.86,8.96,2025-12-14,2025-12-14,2025-12-29 22:34:46.402319,-10.947712418300654,-0.015300000000000001,12,6,0,Stable
571,Soybeans,Agricultural,USd/Bu,nan,1058.75,,4.06,-0.38,0.91,-6.46,6.06,8.04,2025-12-28,2025-12-28,2025-12-29 22:34:46.402319,-10.684210526315788,-0.0038,12,6,0,Stable
351,Soybeans,Agricultural,USd/Bu,nan,1049.25,,3.0,-0.29,-2.55,-6.53,5.11,7.67,2025-12-20,2025-12-20,2025-12-29 22:34:46.402319,-10.344827586206897,-0.0029,12,5,0,Stable
39,Soybeans,Agricultural,USd/Bu,nan,1076.75,,16.75,-1.53,-2.58,-6.12,7.86,8.96,2025-12-12,2025-12-14,2025-12-29 22:34:46.402319,-10.947712418300654,-0.015300000000000001,12,4,0,Stable
278,Soybeans,Agricultural,USd/Bu,nan,1068.16,,8.59,-0.8,-2.34,-7.7,7.0,8.77,2025-12-15,2025-12-15,2025-12-29 22:34:46.402319,-10.737499999999999,-0.008,12,0,0,Stable
603,Soybeans,Agricultural,USd/Bu,USd,1049.5,,9.25,-0.87,-0.36,-6.96,5.13,6.87,2025-12-29,2025-12-29,2025-12-29 22:34:46.402319,-10.632183908045977,-0.0087,12,0,0,Stable
1447,Spain,Electricity,EUR/MWh,EUR,102.33,,39.43,62.69,4.61,84.98,4.61,3.45,2026-01-07,2026-01-07,2026-01-07 10:16:49.372682,0.6289679374700909,0.6269,1,2,1,Increase
95,Spain,Electricity,EUR/MWh,nan,97.19,,1.0,1.04,37.64,204.67,-28.46,-32.38,2025-12-14,2025-12-14,2025-12-29 22:34:46.402319,0.9615384615384615,0.0104,12,6,1,Stable
142,Spain,Electricity,EUR/MWh,nan,97.19,,1.0,1.04,37.64,204.67,-28.46,-32.38,2025-12-12,2025-12-14,2025-12-29 22:34:46.402319,0.9615384615384615,0.0104,12,4,1,Stable
249,Spain,Electricity,EUR/MWh,nan,92.47,,4.72,-4.86,67.15,16.74,-31.94,-23.49,2025-12-15,2025-12-15,2025-12-29 22:34:46.402319,-0.97119341563786,-0.048600000000000004,12,0,0,Stable
280,Spain,Electricity,EUR/MWh,nan,102.76,,17.71,20.82,5.73,21.55,-24.36,-10.39,2025-12-20,2025-12-20,2025-12-29 22:34:46.402319,0.8506243996157541,0.2082,12,5,1,Increase
469,Spain,Electricity,EUR/MWh,nan,102.76,,17.71,20.82,5.73,21.55,-24.36,-10.39,2025-12-21,2025-12-21,2025-12-29 22:34:46.402319,0.8506243996157541,0.2082,12,6,1,Increase
550,Spain,Electricity,EUR/MWh,nan,89.2,,40.5,83.16,-13.2,3.7,-34.34,-33.23,2025-12-28,2025-12-28,2025-12-29 22:34:46.402319,0.487012987012987,0.8316,12,6,1,Increase
674,Spain,Electricity,EUR/MWh,EUR,107.2,,18.0,20.18,51.84,16.8,-21.1,-23.94,2025-12-29,2025-12-29,2025-12-29 22:34:46.402319,0.89197224975223,0.2018,12,0,1,Increase
377,SSE Commodity Index,Index,Index Points,nan,8136.53,,119.98,1.5,0.39,-1.94,3.3,0.93,2025-12-20,2025-12-20,2025-12-29 22:34:46.402319,79.98666666666666,0.015,12,5,1,Stable
511,SSE Commodity Index,Index,Index Points,nan,8165.92,,48.34,0.6,0.36,-0.37,3.67,2.19,2025-12-28,2025-12-28,2025-12-29 22:34:46.402319,80.56666666666668,0.006,12,6,1,Stable
73,SSE Commodity Index,Index,Index Points,nan,8104.74,,26.06,0.32,-0.05,-6.46,2.89,-1.86,2025-12-14,2025-12-14,2025-12-29 22:34:46.402319,81.4375,0.0032,12,6,1,Stable
414,SSE Commodity Index,Index,Index Points,nan,8136.53,,119.98,1.5,0.39,-1.94,3.3,0.93,2025-12-21,2025-12-21,2025-12-29 22:34:46.402319,79.98666666666666,0.015,12,6,1,Stable
132,SSE Commodity Index,Index,Index Points,nan,8104.74,,26.06,0.32,-0.05,-6.46,2.89,-1.86,2025-12-12,2025-12-14,2025-12-29 22:34:46.402319,81.4375,0.0032,12,4,1,Stable
1438,SSE Commodity Index,Index,Index Points,Index Poin,8342.63,,61.52,0.74,4.13,2.86,4.13,11.97,2026-01-07,2026-01-07,2026-01-07 10:16:49.372682,83.13513513513514,0.0074,1,2,1,Stable
665,SSE Commodity Index,Index,Index Points,Index Poin,8077.85,,88.06,-1.08,-1.07,-2.22,2.55,1.34,2025-12-29,2025-12-29,2025-12-29 22:34:46.402319,-81.53703703703704,-0.0108,12,0,0,Stable
244,SSE Commodity Index,Index,Index Points,nan,8070.62,,34.12,-0.42,-0.49,-5.19,2.46,-1.09,2025-12-15,2025-12-15,2025-12-29 22:34:46.402319,-81.23809523809524,-0.0042,12,0,0,Stable
49,Steel,Metals,CNY/T,nan,3045.0,,1.0,-0.03,-1.42,-0.1,-8.01,-7.36,2025-12-14,2025-12-14,2025-12-29 22:34:46.402319,-33.333333333333336,-0.0003,12,6,0,Stable
25,Steel,Metals,CNY/T,nan,3045.0,,1.0,-0.03,-1.42,-0.1,-8.01,-7.36,2025-12-12,2025-12-14,2025-12-29 22:34:46.402319,-33.333333333333336,-0.0003,12,4,0,Stable
281,Steel,Metals,CNY/T,nan,3069.0,,15.0,-0.49,0.79,0.07,-7.28,-4.51,2025-12-20,2025-12-20,2025-12-29 22:34:46.402319,-30.612244897959183,-0.0049,12,5,0,Stable
1373,Steel,Metals,CNY/T,CNY,3156.0,,36.0,1.15,1.94,2.87,1.94,0.86,2026-01-07,2026-01-07,2026-01-07 10:16:49.372682,31.30434782608696,0.0115,1,2,1,Stable
453,Steel,Metals,CNY/T,nan,3069.0,,15.0,-0.49,0.79,0.07,-7.28,-4.51,2025-12-21,2025-12-21,2025-12-29 22:34:46.402319,-30.612244897959183,-0.0049,12,6,0,Stable
600,Steel,Metals,CNY/T,CNY,3107.0,,16.0,0.52,0.68,-0.1,-6.13,-5.79,2025-12-29,2025-12-29,2025-12-29 22:34:46.402319,30.769230769230766,0.0052,12,0,1,Stable
231,Steel,Metals,CNY/T,nan,3046.0,,1.0,0.03,-0.72,-1.26,-7.98,-7.39,2025-12-15,2025-12-15,2025-12-29 22:34:46.402319,33.333333333333336,0.0003,12,0,1,Stable
529,Steel,Metals,CNY/T,nan,3091.0,,23.0,0.75,0.72,-0.06,-6.62,-5.45,2025-12-28,2025-12-28,2025-12-29 22:34:46.402319,30.666666666666668,0.0075,12,6,1,Stable
261,Sugar,Agricultural,USd/Lbs,nan,14.9,,0.2,-1.34,0.52,0.66,-22.77,-27.86,2025-12-15,2025-12-15,2025-12-29 22:34:46.402319,-0.14925373134328357,-0.0134,12,0,0,Stable
558,Sugar,Agricultural,USd/Lbs,nan,15.18,,0.11,-0.73,2.42,-0.21,-21.32,-21.6,2025-12-28,2025-12-28,2025-12-29 22:34:46.402319,-0.1506849315068493,-0.0073,12,6,0,Stable
1390,Sugar,Agricultural,USd/Lbs,USd,14.78,,0.02,0.16,-1.53,-0.27,-1.53,-22.9,2026-01-07,2026-01-07,2026-01-07 10:16:49.372682,0.125,0.0016,1,2,1,Stable
617,Sugar,Agricultural,USd/Lbs,USd,15.23,,0.06,0.42,1.63,3.21,-21.03,-20.33,2025-12-29,2025-12-29,2025-12-29 22:34:46.402319,0.14285714285714285,0.0042,12,0,1,Stable
168,Sugar,Agricultural,USd/Lbs,nan,15.1,,0.25,1.68,2.03,4.57,-21.72,-27.16,2025-12-12,2025-12-14,2025-12-29 22:34:46.402319,0.1488095238095238,0.0168,12,4,1,Stable
458,Sugar,Agricultural,USd/Lbs,nan,14.85,,0.37,2.56,-1.66,1.3,-23.02,-23.89,2025-12-21,2025-12-21,2025-12-29 22:34:46.402319,0.14453125,0.0256,12,6,1,Stable
11,Sugar,Agricultural,USd/Lbs,nan,15.1,,0.25,1.68,2.03,4.57,-21.72,-27.16,2025-12-14,2025-12-14,2025-12-29 22:34:46.402319,0.1488095238095238,0.0168,12,6,1,Stable
336,Sugar,Agricultural,USd/Lbs,nan,14.85,,0.37,2.56,-1.66,1.3,-23.02,-23.89,2025-12-20,2025-12-20,2025-12-29 22:34:46.402319,0.14453125,0.0256,12,5,1,Stable
136,Sulfur,Industrial,CNY/T,nan,4254.33,,6.67,-0.16,5.28,17.71,150.6,145.77,2025-12-14,2025-12-14,2025-12-29 22:34:46.402319,-41.6875,-0.0016,12,6,0,Stable
1414,Sulfur,Industrial,CNY/T,CNY,3760.0,,60.0,1.62,2.7,-10.36,2.7,127.28,2026-01-07,2026-01-07,2026-01-07 10:16:49.372682,37.03703703703704,0.016200000000000003,1,2,1,Stable
387,Sulfur,Industrial,CNY/T,nan,3701.0,,16.67,-0.45,-13.01,-0.8,118.0,115.89,2025-12-21,2025-12-21,2025-12-29 22:34:46.402319,-37.044444444444444,-0.0045000000000000005,12,6,0,Stable
115,Sulfur,Industrial,CNY/T,nan,4254.33,,6.67,-0.16,5.28,17.71,150.6,145.77,2025-12-12,2025-12-14,2025-12-29 22:34:46.402319,-41.6875,-0.0016,12,4,0,Stable
292,Sulfur,Industrial,CNY/T,nan,3701.0,,16.67,-0.45,-13.01,-0.8,118.0,115.89,2025-12-20,2025-12-20,2025-12-29 22:34:46.402319,-37.044444444444444,-0.0045000000000000005,12,5,0,Stable
193,Sulfur,Industrial,CNY/T,nan,4017.67,,236.66,-5.56,-4.21,9.34,136.66,133.9,2025-12-15,2025-12-15,2025-12-29 22:34:46.402319,-42.56474820143885,-0.0556,12,0,0,Decrease
641,Sulfur,Industrial,CNY/T,CNY,3657.67,,16.66,-0.45,0.18,-5.43,115.45,115.03,2025-12-29,2025-12-29,2025-12-29 22:34:46.402319,-37.02222222222222,-0.0045000000000000005,12,0,0,Stable
479,Sulfur,Industrial,CNY/T,nan,3674.33,,53.33,1.47,-0.72,-4.26,116.43,114.33,2025-12-28,2025-12-28,2025-12-29 22:34:46.402319,36.27891156462585,0.0147,12,6,1,Stable
367,Sunflower Oil,Agricultural,INR/10 kg,nan,1430.9,,0.1,-0.01,-0.1,2.14,12.81,13.44,2025-12-20,2025-12-20,2025-12-29 22:34:46.402319,-10.0,-0.0001,12,5,0,Stable
454,Sunflower Oil,Agricultural,INR/10 kg,nan,1430.9,,0.1,-0.01,-0.1,2.14,12.81,13.44,2025-12-21,2025-12-21,2025-12-29 22:34:46.402319,-10.0,-0.0001,12,6,0,Stable
139,Sunflower Oil,Agricultural,INR/10 kg,nan,1432.3,,1.3,-0.09,0.04,2.07,12.92,11.77,2025-12-12,2025-12-14,2025-12-29 22:34:46.402319,-14.444444444444445,-0.0009,12,4,0,Stable
257,Sunflower Oil,Agricultural,INR/10 kg,nan,1432.3,,1.3,-0.09,0.04,2.07,12.92,11.77,2025-12-15,2025-12-15,2025-12-29 22:34:46.402319,-14.444444444444445,-0.0009,12,0,0,Stable
620,Sunflower Oil,Agricultural,INR/10 kg,INR,1431.7,,0.3,0.02,0.19,1.05,12.87,12.53,2025-12-29,2025-12-29,2025-12-29 22:34:46.402319,15.0,0.0002,12,0,1,Stable
1393,Sunflower Oil,Agricultural,INR/10 kg,INR,1462.9,,7.0,0.48,1.92,1.94,1.44,16.78,2026-01-07,2026-01-07,2026-01-07 10:16:49.372682,14.583333333333334,0.0048,1,2,1,Stable
555,Sunflower Oil,Agricultural,INR/10 kg,nan,1431.4,,0.6,0.04,0.03,2.15,12.85,12.62,2025-12-28,2025-12-28,2025-12-29 22:34:46.402319,15.0,0.0004,12,6,1,Stable
644,Synthetic Rubber,Industrial,CNY/T,CNY,11466.67,,16.67,0.15,0.58,4.01,-23.09,-23.09,2025-12-29,2025-12-29,2025-12-29 22:34:46.402319,111.13333333333335,0.0015,12,0,1,Stable
120,Synthetic Rubber,Industrial,CNY/T,nan,11100.0,,0.0,0.0,0.0,1.99,-25.55,-25.71,2025-12-12,2025-12-14,2025-12-29 22:34:46.402319,,0.0,12,4,0,Stable
1417,Synthetic Rubber,Industrial,CNY/T,CNY,11725.0,,108.33,0.93,1.3,5.63,1.3,-21.22,2026-01-07,2026-01-07,2026-01-07 10:16:49.372682,116.48387096774192,0.009300000000000001,1,2,1,Stable
289,Synthetic Rubber,Industrial,CNY/T,nan,11400.0,,0.0,0.0,2.7,2.55,-23.53,-23.53,2025-12-20,2025-12-20,2025-12-29 22:34:46.402319,,0.0,12,5,0,Stable
384,Synthetic Rubber,Industrial,CNY/T,nan,11400.0,,0.0,0.0,2.7,2.55,-23.53,-23.53,2025-12-21,2025-12-21,2025-12-29 22:34:46.402319,,0.0,12,6,0,Stable
174,Synthetic Rubber,Industrial,CNY/T,nan,11100.0,,0.0,0.0,0.0,1.99,-25.55,-25.71,2025-12-14,2025-12-14,2025-12-29 22:34:46.402319,,0.0,12,6,0,Stable
185,Synthetic Rubber,Industrial,CNY/T,nan,11141.67,,41.67,0.38,0.38,1.6,-25.27,-25.43,2025-12-15,2025-12-15,2025-12-29 22:34:46.402319,109.65789473684211,0.0038,12,0,1,Stable
484,Synthetic Rubber,Industrial,CNY/T,nan,11450.0,,0.0,0.0,0.44,3.85,-23.2,-23.2,2025-12-28,2025-12-28,2025-12-29 22:34:46.402319,,0.0,12,6,0,Stable
556,Tea,Agricultural,INR/Kgs,nan,185.75,,3.66,-1.93,-1.93,-2.24,9.22,1.09,2025-12-28,2025-12-28,2025-12-29 22:34:46.402319,-1.8963730569948187,-0.019299999999999998,12,6,0,Stable
619,Tea,Agricultural,INR/Kgs,INR,185.75,,3.66,-1.93,-1.93,-2.24,9.22,1.09,2025-12-29,2025-12-29,2025-12-29 22:34:46.402319,-1.8963730569948187,-0.019299999999999998,12,0,0,Stable
1392,Tea,Agricultural,INR/Kgs,INR,183.28,,0.76,-0.41,-0.41,-3.26,7.77,7.77,2026-01-07,2026-01-07,2026-01-07 10:16:49.372682,-1.853658536585366,-0.0040999999999999995,1,2,0,Stable
259,Tea,Agricultural,INR/Kgs,nan,189.41,,0.05,-0.03,-0.03,-4.57,11.37,3.09,2025-12-15,2025-12-15,2025-12-29 22:34:46.402319,-1.6666666666666667,-0.0003,12,0,0,Stable
456,Tea,Agricultural,INR/Kgs,nan,185.75,,3.66,-1.93,-1.93,-2.24,9.22,1.09,2025-12-21,2025-12-21,2025-12-29 22:34:46.402319,-1.8963730569948187,-0.019299999999999998,12,6,0,Stable
171,Tea,Agricultural,INR/Kgs,nan,189.41,,0.05,-0.03,-0.03,-4.57,11.37,3.09,2025-12-06,2025-12-14,2025-12-29 22:34:46.402319,-1.6666666666666667,-0.0003,12,5,0,Stable
341,Tea,Agricultural,INR/Kgs,nan,189.41,,0.05,-0.03,-0.03,-4.57,11.37,3.09,2025-12-20,2025-12-20,2025-12-29 22:34:46.402319,-1.6666666666666667,-0.0003,12,5,0,Stable
188,Tellurium,Industrial,CNY/Kg,nan,760.0,,0.0,0.0,0.0,4.83,17.83,16.03,2025-12-15,2025-12-15,2025-12-29 22:34:46.402319,,0.0,12,0,0,Stable
123,Tellurium,Industrial,CNY/Kg,nan,760.0,,0.0,0.0,0.0,6.29,17.83,16.03,2025-12-12,2025-12-14,2025-12-29 22:34:46.402319,,0.0,12,4,0,Stable
380,Tellurium,Industrial,CNY/Kg,nan,740.0,,0.0,0.0,-2.63,-1.33,14.73,14.73,2025-12-21,2025-12-21,2025-12-29 22:34:46.402319,,0.0,12,6,0,Stable
1413,Tellurium,Industrial,CNY/Kg,CNY,730.0,,0.0,0.0,0.0,-3.95,0.0,12.31,2026-01-07,2026-01-07,2026-01-07 10:16:49.372682,,0.0,1,2,0,Stable
640,Tellurium,Industrial,CNY/Kg,CNY,740.0,,0.0,0.0,0.0,-1.99,14.73,14.73,2025-12-29,2025-12-29,2025-12-29 22:34:46.402319,,0.0,12,0,0,Stable
485,Tellurium,Industrial,CNY/Kg,nan,740.0,,0.0,0.0,0.0,-1.33,14.73,14.73,2025-12-28,2025-12-28,2025-12-29 22:34:46.402319,,0.0,12,6,0,Stable
114,Tellurium,Industrial,CNY/Kg,nan,760.0,,0.0,0.0,0.0,6.29,17.83,16.03,2025-12-14,2025-12-14,2025-12-29 22:34:46.402319,,0.0,12,6,0,Stable
291,Tellurium,Industrial,CNY/Kg,nan,740.0,,0.0,0.0,-2.63,-1.33,14.73,14.73,2025-12-20,2025-12-20,2025-12-29 22:34:46.402319,,0.0,12,5,0,Stable
148,Tin,Industrial,USD/T,nan,41751.0,41751.0,1747.0,4.37,3.4,11.64,43.56,41.37,2025-12-14,2025-12-14,2025-12-29 22:34:46.402319,399.7711670480549,0.0437,12,6,1,Stable
1403,Tin,Industrial,USD/T,USD,44526.0,44526.0,2060.0,4.85,6.13,11.64,9.79,48.7,2026-01-07,2026-01-07,2026-01-07 10:16:49.372682,424.74226804123714,0.048499999999999995,1,2,1,Stable
495,Tin,Industrial,USD/T,nan,42815.0,42815.0,23.0,0.05,1.28,14.03,47.22,48.61,2025-12-28,2025-12-28,2025-12-29 22:34:46.402319,460.0,0.0005,12,6,1,Stable
134,Tin,Industrial,USD/T,nan,41751.0,41751.0,1747.0,4.37,3.4,11.64,43.56,41.37,2025-12-11,2025-12-14,2025-12-29 22:34:46.402319,399.7711670480549,0.0437,12,3,1,Stable
630,Tin,Industrial,USD/T,USD,42815.0,42815.0,23.0,0.05,1.28,14.03,47.22,48.61,2025-12-29,2025-12-29,2025-12-29 22:34:46.402319,460.0,0.0005,12,0,1,Stable
395,Tin,Industrial,USD/T,nan,42927.0,42927.0,652.0,1.54,2.82,16.17,47.6,51.16,2025-12-21,2025-12-21,2025-12-29 22:34:46.402319,423.37662337662334,0.0154,12,6,1,Stable
330,Tin,Industrial,USD/T,nan,42927.0,42927.0,652.0,1.54,2.82,16.17,47.6,51.16,2025-12-20,2025-12-20,2025-12-29 22:34:46.402319,423.37662337662334,0.0154,12,5,1,Stable
190,Tin,Industrial,USD/T,nan,41337.0,41337.0,414.0,-0.99,3.17,11.03,42.13,42.07,2025-12-15,2025-12-15,2025-12-29 22:34:46.402319,-418.1818181818182,-0.009899999999999999,12,0,0,Stable
602,Titanium,Metals,CNY/KG,CNY,46.0,,0.0,0.0,0.0,1.1,3.37,3.37,2025-12-29,2025-12-29,2025-12-29 22:34:46.402319,,0.0,12,0,0,Stable
572,Titanium,Metals,CNY/KG,nan,46.0,,0.0,0.0,0.0,1.1,3.37,3.37,2025-12-28,2025-12-28,2025-12-29 22:34:46.402319,,0.0,12,6,0,Stable
472,Titanium,Metals,CNY/KG,nan,46.0,,0.0,0.0,0.0,-1.08,3.37,3.37,2025-12-21,2025-12-21,2025-12-29 22:34:46.402319,,0.0,12,6,0,Stable
15,Titanium,Metals,CNY/KG,nan,46.0,,0.0,0.0,1.1,0.0,3.37,5.75,2025-12-14,2025-12-14,2025-12-29 22:34:46.402319,,0.0,12,6,0,Stable
1375,Titanium,Metals,CNY/KG,CNY,45.0,,0.0,0.0,-2.17,-1.1,-2.17,1.12,2026-01-07,2026-01-07,2026-01-07 10:16:49.372682,,0.0,1,2,0,Stable
331,Titanium,Metals,CNY/KG,nan,46.0,,0.0,0.0,0.0,-1.08,3.37,3.37,2025-12-20,2025-12-20,2025-12-29 22:34:46.402319,,0.0,12,5,0,Stable
271,Titanium,Metals,CNY/KG,nan,46.0,,0.0,0.0,1.1,-1.08,3.37,5.75,2025-12-15,2025-12-15,2025-12-29 22:34:46.402319,,0.0,12,0,0,Stable
140,Titanium,Metals,CNY/KG,nan,46.0,,0.0,0.0,1.1,0.0,3.37,5.75,2025-12-12,2025-12-14,2025-12-29 22:34:46.402319,,0.0,12,4,0,Stable
246,TTF Gas,Energy,EUR/MWh,nan,27.04,,0.64,-2.33,0.63,-13.93,-46.41,-31.5,2025-12-15,2025-12-15,2025-12-29 22:34:46.402319,-0.27467811158798283,-0.0233,12,0,0,Stable
313,TTF Gas,Energy,EUR/MWh,nan,28.23,,0.58,2.09,1.97,-9.4,-44.05,-35.48,2025-12-20,2025-12-20,2025-12-29 22:34:46.402319,0.27751196172248804,0.0209,12,5,1,Stable
547,TTF Gas,Energy,EUR/MWh,nan,28.07,,0.03,-0.09,-0.33,-3.82,-44.37,-41.25,2025-12-28,2025-12-28,2025-12-29 22:34:46.402319,-0.3333333333333333,-0.0009,12,6,0,Stable
583,TTF Gas,Energy,EUR/MWh,EUR,28.66,,0.59,2.1,3.51,1.53,-43.2,-40.52,2025-12-29,2025-12-29,2025-12-29 22:34:46.402319,0.28095238095238095,0.021,12,0,1,Stable
443,TTF Gas,Energy,EUR/MWh,nan,28.23,,0.58,2.09,1.97,-9.4,-44.05,-35.48,2025-12-21,2025-12-21,2025-12-29 22:34:46.402319,0.27751196172248804,0.0209,12,6,1,Stable
31,TTF Gas,Energy,EUR/MWh,nan,27.55,,0.75,2.78,1.04,-9.55,-45.4,-33.04,2025-12-12,2025-12-14,2025-12-29 22:34:46.402319,0.26978417266187055,0.0278,12,4,1,Stable
1356,TTF Gas,Energy,EUR/MWh,EUR,28.81,,0.67,2.38,2.3,7.22,2.3,-36.1,2026-01-07,2026-01-07,2026-01-07 10:16:49.372682,0.28151260504201686,0.023799999999999998,1,2,1,Stable
5,TTF Gas,Energy,EUR/MWh,nan,27.55,,0.75,2.78,1.04,-9.55,-45.4,-33.04,2025-12-14,2025-12-14,2025-12-29 22:34:46.402319,0.26978417266187055,0.0278,12,6,1,Stable
1358,UK Gas,Energy,GBp/thm,GBp,74.6872,,1.9672,2.71,1.19,5.89,1.19,-34.76,2026-01-07,2026-01-07,2026-01-07 10:16:49.372682,0.7259040590405904,0.0271,1,2,1,Stable
302,UK Gas,Energy,GBp/thm,nan,75.5245,,2.4245,3.32,3.12,-7.34,-39.77,-30.83,2025-12-20,2025-12-20,2025-12-29 22:34:46.402319,0.7302710843373494,0.0332,12,5,1,Stable
253,UK Gas,Energy,GBp/thm,nan,72.7,,0.54,-0.74,3.08,-11.73,-42.02,-27.79,2025-12-15,2025-12-15,2025-12-29 22:34:46.402319,-0.7297297297297298,-0.0074,12,0,0,Stable
6,UK Gas,Energy,GBp/thm,nan,72.92,,2.46,3.49,2.78,-8.88,-41.84,-28.95,2025-12-14,2025-12-14,2025-12-29 22:34:46.402319,0.7048710601719197,0.0349,12,6,1,Stable
441,UK Gas,Energy,GBp/thm,nan,75.5245,,2.4245,3.32,3.12,-7.34,-39.77,-30.83,2025-12-21,2025-12-21,2025-12-29 22:34:46.402319,0.7302710843373494,0.0332,12,6,1,Stable
585,UK Gas,Energy,GBp/thm,GBp,75.85,,2.0284,2.75,3.63,2.74,-39.51,-36.6,2025-12-29,2025-12-29,2025-12-29 22:34:46.402319,0.7376,0.0275,12,0,1,Stable
548,UK Gas,Energy,GBp/thm,nan,73.8216,,0.1584,-0.21,-1.43,-3.46,-41.13,-38.25,2025-12-28,2025-12-28,2025-12-29 22:34:46.402319,-0.7542857142857143,-0.0021,12,6,0,Stable
55,UK Gas,Energy,GBp/thm,nan,72.92,,2.46,3.49,2.78,-8.88,-41.84,-28.95,2025-12-12,2025-12-14,2025-12-29 22:34:46.402319,0.7048710601719197,0.0349,12,4,1,Stable
20,United Kingdom,Electricity,GBP/MWh,nan,82.0,,1.4,1.74,4.01,1.38,-19.96,-8.64,2025-12-12,2025-12-14,2025-12-29 22:34:46.402319,0.8045977011494252,0.0174,12,4,1,Stable
299,United Kingdom,Electricity,GBP/MWh,nan,85.57,,2.12,2.54,4.35,2.79,-16.48,-8.53,2025-12-20,2025-12-20,2025-12-29 22:34:46.402319,0.8346456692913387,0.0254,12,5,1,Stable
671,United Kingdom,Electricity,GBP/MWh,GBP,85.47,,0.98,1.16,4.49,7.86,-16.57,-14.62,2025-12-29,2025-12-29,2025-12-29 22:34:46.402319,0.8448275862068966,0.0116,12,0,1,Stable
1444,United Kingdom,Electricity,GBP/MWh,GBP,81.78,,1.47,1.83,-2.79,3.0,-0.2,-16.12,2026-01-07,2026-01-07,2026-01-07 10:16:49.372682,0.8032786885245902,0.0183,1,2,1,Stable
505,United Kingdom,Electricity,GBP/MWh,nan,85.47,,0.98,1.16,4.49,7.86,-16.57,-14.62,2025-12-28,2025-12-28,2025-12-29 22:34:46.402319,0.8448275862068966,0.0116,12,6,1,Stable
406,United Kingdom,Electricity,GBP/MWh,nan,85.57,,2.12,2.54,4.35,2.79,-16.48,-8.53,2025-12-21,2025-12-21,2025-12-29 22:34:46.402319,0.8346456692913387,0.0254,12,6,1,Stable
251,United Kingdom,Electricity,GBP/MWh,nan,82.0,,1.4,1.74,4.01,1.38,-19.96,-8.64,2025-12-15,2025-12-15,2025-12-29 22:34:46.402319,0.8045977011494252,0.0174,12,0,1,Stable
234,Urals Oil,Energy,USD/Bbl,nan,51.53,51.53,0.41,-0.79,-6.17,-4.22,-24.78,-24.56,2025-12-15,2025-12-15,2025-12-29 22:34:46.402319,-0.5189873417721519,-0.0079,12,0,0,Stable
51,Urals Oil,Energy,USD/Bbl,nan,51.94,51.94,0.4,-0.76,-4.8,-2.04,-24.19,-22.4,2025-12-14,2025-12-14,2025-12-29 22:34:46.402319,-0.5263157894736842,-0.0076,12,6,0,Stable
533,Urals Oil,Energy,USD/Bbl,nan,51.91,51.91,1.17,2.31,3.16,-3.48,-24.23,-23.32,2025-12-28,2025-12-28,2025-12-29 22:34:46.402319,0.5064935064935064,0.0231,12,6,1,Stable
1365,Urals Oil,Energy,USD/Bbl,USD,51.47,51.47,0.09,0.18,-0.43,-4.19,2.04,-28.28,2026-01-07,2026-01-07,2026-01-07 10:16:49.372682,0.5,0.0018,1,2,1,Stable
592,Urals Oil,Energy,USD/Bbl,USD,51.91,51.91,1.17,2.31,3.16,-3.48,-24.23,-23.32,2025-12-29,2025-12-29,2025-12-29 22:34:46.402319,0.5064935064935064,0.0231,12,0,1,Stable
433,Urals Oil,Energy,USD/Bbl,nan,49.52,49.52,0.8,-1.59,-4.66,-9.83,-27.72,-26.83,2025-12-21,2025-12-21,2025-12-29 22:34:46.402319,-0.5031446540880503,-0.0159,12,6,0,Stable
30,Urals Oil,Energy,USD/Bbl,nan,51.94,51.94,0.4,-0.76,-4.8,-2.04,-24.19,-22.4,2025-12-11,2025-12-14,2025-12-29 22:34:46.402319,-0.5263157894736842,-0.0076,12,3,0,Stable
312,Urals Oil,Energy,USD/Bbl,nan,49.52,49.52,0.8,-1.59,-4.66,-9.83,-27.72,-26.83,2025-12-20,2025-12-20,2025-12-29 22:34:46.402319,-0.5031446540880503,-0.0159,12,5,0,Stable
438,Uranium,Energy,USD/Lbs,nan,80.25,80.25,1.25,1.58,3.02,5.32,9.93,9.48,2025-12-21,2025-12-21,2025-12-29 22:34:46.402319,0.7911392405063291,0.0158,12,6,1,Stable
588,Uranium,Energy,USD/Lbs,USD,81.4,81.4,0.15,0.18,1.43,6.47,11.51,15.71,2025-12-29,2025-12-29,2025-12-29 22:34:46.402319,0.8333333333333334,0.0018,12,0,1,Stable
549,Uranium,Energy,USD/Lbs,nan,81.4,81.4,0.15,0.18,1.43,6.47,11.51,15.71,2025-12-28,2025-12-28,2025-12-29 22:34:46.402319,0.8333333333333334,0.0018,12,6,1,Stable
323,Uranium,Energy,USD/Lbs,nan,80.25,80.25,1.25,1.58,3.02,5.32,9.93,9.48,2025-12-20,2025-12-20,2025-12-29 22:34:46.402319,0.7911392405063291,0.0158,12,5,1,Stable
1361,Uranium,Energy,USD/Lbs,USD,82.05,82.05,0.05,0.06,0.24,7.25,0.49,9.77,2026-01-07,2026-01-07,2026-01-07 10:16:49.372682,0.8333333333333334,0.0006,1,2,1,Stable
247,Uranium,Energy,USD/Lbs,nan,77.9,77.9,0.35,0.45,1.76,0.19,6.71,1.7,2025-12-15,2025-12-15,2025-12-29 22:34:46.402319,0.7777777777777777,0.0045000000000000005,12,0,1,Stable
145,Uranium,Energy,USD/Lbs,nan,77.9,77.9,0.35,0.45,1.76,0.19,6.71,1.7,2025-12-12,2025-12-14,2025-12-29 22:34:46.402319,0.7777777777777777,0.0045000000000000005,12,4,1,Stable
379,Urea,Industrial,USD/T,nan,377.0,377.0,0.5,-0.13,5.45,-0.26,11.7,16.9,2025-12-21,2025-12-21,2025-12-29 22:34:46.402319,-3.846153846153846,-0.0013,12,6,0,Stable
184,Urea,Industrial,USD/T,nan,364.0,364.0,6.5,1.82,2.68,-4.84,7.85,12.87,2025-12-15,2025-12-15,2025-12-29 22:34:46.402319,3.571428571428571,0.0182,12,0,1,Stable
1412,Urea,Industrial,USD/T,USD,390.5,390.5,0.0,0.0,1.03,10.16,1.03,13.44,2026-01-07,2026-01-07,2026-01-07 10:16:49.372682,,0.0,1,2,0,Stable
481,Urea,Industrial,USD/T,nan,384.0,384.0,0.0,0.0,-1.03,5.93,13.78,13.78,2025-12-28,2025-12-28,2025-12-29 22:34:46.402319,,0.0,12,6,0,Stable
290,Urea,Industrial,USD/T,nan,377.0,377.0,0.5,-0.13,5.45,-0.26,11.7,16.9,2025-12-20,2025-12-20,2025-12-29 22:34:46.402319,-3.846153846153846,-0.0013,12,5,0,Stable
155,Urea,Industrial,USD/T,nan,364.0,364.0,6.5,1.82,2.68,-4.84,7.85,12.87,2025-12-12,2025-12-14,2025-12-29 22:34:46.402319,3.571428571428571,0.0182,12,4,1,Stable
639,Urea,Industrial,USD/T,USD,384.0,384.0,0.0,0.0,-1.03,5.93,13.78,13.78,2025-12-29,2025-12-29,2025-12-29 22:34:46.402319,,0.0,12,0,0,Stable
27,Wheat,Agricultural,USd/Bu,nan,530.25,,3.25,-0.61,-1.35,-1.03,-3.85,-3.98,2025-12-12,2025-12-14,2025-12-29 22:34:46.402319,-5.327868852459017,-0.0060999999999999995,12,4,0,Stable
356,Wheat,Agricultural,USd/Bu,nan,509.75,,2.0,0.39,-3.68,-3.27,-7.57,-4.36,2025-12-20,2025-12-20,2025-12-29 22:34:46.402319,5.128205128205128,0.0039000000000000003,12,5,1,Stable
570,Wheat,Agricultural,USd/Bu,nan,518.0,,4.45,-0.85,1.62,-0.77,-6.07,-5.22,2025-12-28,2025-12-28,2025-12-29 22:34:46.402319,-5.235294117647059,-0.0085,12,6,0,Stable
16,Wheat,Agricultural,USd/Bu,nan,530.25,,3.25,-0.61,-1.35,-1.03,-3.85,-3.98,2025-12-14,2025-12-14,2025-12-29 22:34:46.402319,-5.327868852459017,-0.0060999999999999995,12,6,0,Stable
273,Wheat,Agricultural,USd/Bu,nan,521.01,,8.24,-1.56,-2.8,-4.27,-5.53,-5.27,2025-12-15,2025-12-15,2025-12-29 22:34:46.402319,-5.282051282051282,-0.015600000000000001,12,0,0,Stable
1377,Wheat,Agricultural,USd/Bu,USd,512.13,,1.63,0.32,1.01,-4.45,1.01,-4.5,2026-01-07,2026-01-07,2026-01-07 10:16:49.372682,5.09375,0.0032,1,2,1,Stable
604,Wheat,Agricultural,USd/Bu,USd,513.25,,5.75,-1.11,-0.44,-3.21,-6.94,-6.38,2025-12-29,2025-12-29,2025-12-29 22:34:46.402319,-5.18018018018018,-0.0111,12,0,0,Stable
470,Wheat,Agricultural,USd/Bu,nan,509.75,,2.0,0.39,-3.68,-3.27,-7.57,-4.36,2025-12-21,2025-12-21,2025-12-29 22:34:46.402319,5.128205128205128,0.0039000000000000003,12,6,1,Stable
56,Wind Energy Index,Index,USD,nan,20.41,20.41,0.05,-0.24,1.64,1.85,37.91,33.22,2025-12-14,2025-12-14,2025-12-29 22:34:46.402319,-0.20833333333333334,-0.0024,12,6,0,Stable
199,Wind Energy Index,Index,USD,nan,20.48,20.48,0.07,0.34,1.59,2.35,38.38,34.38,2025-12-15,2025-12-15,2025-12-29 22:34:46.402319,0.2058823529411765,0.0034000000000000002,12,0,1,Stable
350,Wind Energy Index,Index,USD,nan,20.4,20.4,0.16,0.79,-0.05,5.32,37.84,36.45,2025-12-20,2025-12-20,2025-12-29 22:34:46.402319,0.20253164556962025,0.0079,12,5,1,Stable
668,Wind Energy Index,Index,USD,USD,20.51,20.51,0.03,0.15,0.59,4.11,38.58,38.49,2025-12-29,2025-12-29,2025-12-29 22:34:46.402319,0.2,0.0015,12,0,1,Stable
409,Wind Energy Index,Index,USD,nan,20.4,20.4,0.16,0.79,-0.05,5.32,37.84,36.45,2025-12-21,2025-12-21,2025-12-29 22:34:46.402319,0.20253164556962025,0.0079,12,6,1,Stable
102,Wind Energy Index,Index,USD,nan,20.41,20.41,0.05,-0.24,1.64,1.85,37.91,33.22,2025-12-12,2025-12-14,2025-12-29 22:34:46.402319,-0.20833333333333334,-0.0024,12,4,0,Stable
1441,Wind Energy Index,Index,USD,USD,21.65,21.65,0.18,0.84,5.46,7.39,5.87,43.28,2026-01-07,2026-01-07,2026-01-07 10:16:49.372682,0.21428571428571427,0.0084,1,2,1,Stable
508,Wind Energy Index,Index,USD,nan,20.48,20.48,0.07,-0.34,0.39,3.07,38.38,37.45,2025-12-28,2025-12-28,2025-12-29 22:34:46.402319,-0.2058823529411765,-0.0034000000000000002,12,6,0,Stable
459,Wool,Agricultural,AUD/100Kg,nan,1541.0,,0.0,0.0,-0.06,1.78,33.54,33.54,2025-12-21,2025-12-21,2025-12-29 22:34:46.402319,,0.0,12,6,0,Stable
265,Wool,Agricultural,AUD/100Kg,nan,1542.0,,0.0,0.0,1.38,5.76,33.62,35.26,2025-12-15,2025-12-15,2025-12-29 22:34:46.402319,,0.0,12,0,0,Stable
160,Wool,Agricultural,AUD/100Kg,nan,1542.0,,0.0,0.0,1.38,5.76,33.62,35.26,2025-12-12,2025-12-14,2025-12-29 22:34:46.402319,,0.0,12,4,0,Stable
616,Wool,Agricultural,AUD/100Kg,AUD,1541.0,,0.0,0.0,0.0,2.46,33.54,33.54,2025-12-29,2025-12-29,2025-12-29 22:34:46.402319,,0.0,12,0,0,Stable
1389,Wool,Agricultural,AUD/100Kg,AUD,1541.0,,0.0,0.0,0.0,1.31,0.0,33.54,2026-01-07,2026-01-07,2026-01-07 10:16:49.372682,,0.0,1,2,0,Stable
46,Wool,Agricultural,AUD/100Kg,nan,1542.0,,0.0,0.0,1.38,5.76,33.62,35.26,2025-12-14,2025-12-14,2025-12-29 22:34:46.402319,,0.0,12,6,0,Stable
559,Wool,Agricultural,AUD/100Kg,nan,1541.0,,0.0,0.0,0.0,2.46,33.54,33.54,2025-12-28,2025-12-28,2025-12-29 22:34:46.402319,,0.0,12,6,0,Stable
334,Wool,Agricultural,AUD/100Kg,nan,1541.0,,0.0,0.0,-0.06,1.78,33.54,33.54,2025-12-20,2025-12-20,2025-12-29 22:34:46.402319,,0.0,12,5,0,Stable
89,Zinc,Industrial,USD/T,nan,3130.6,3130.6,80.5,-2.51,1.08,2.68,5.11,1.38,2025-12-12,2025-12-14,2025-12-29 22:34:46.402319,-32.071713147410364,-0.025099999999999997,12,4,0,Stable
340,Zinc,Industrial,USD/T,nan,3078.25,3078.25,14.35,0.47,-1.67,2.23,3.35,3.47,2025-12-20,2025-12-20,2025-12-29 22:34:46.402319,30.53191489361702,0.004699999999999999,12,5,1,Stable
394,Zinc,Industrial,USD/T,nan,3078.25,3078.25,14.35,0.47,-1.67,2.23,3.35,3.47,2025-12-21,2025-12-21,2025-12-29 22:34:46.402319,30.53191489361702,0.004699999999999999,12,6,1,Stable
198,Zinc,Industrial,USD/T,nan,3092.55,3092.55,38.05,-1.22,-0.89,3.37,3.83,1.46,2025-12-15,2025-12-15,2025-12-29 22:34:46.402319,-31.188524590163933,-0.012199999999999999,12,0,0,Stable
631,Zinc,Industrial,USD/T,USD,3087.48,3087.48,3.32,-0.11,0.23,-0.45,3.66,2.27,2025-12-29,2025-12-29,2025-12-29 22:34:46.402319,-30.18181818181818,-0.0011,12,0,0,Stable
147,Zinc,Industrial,USD/T,nan,3130.6,3130.6,80.5,-2.51,1.08,2.68,5.11,1.38,2025-12-14,2025-12-14,2025-12-29 22:34:46.402319,-32.071713147410364,-0.025099999999999997,12,6,0,Stable
494,Zinc,Industrial,USD/T,nan,3090.8,3090.8,9.5,-0.31,0.84,2.89,3.77,1.64,2025-12-28,2025-12-28,2025-12-29 22:34:46.402319,-30.64516129032258,-0.0031,12,6,0,Stable
1404,Zinc,Industrial,USD/T,USD,3223.65,3223.65,25.8,-0.79,3.27,3.31,3.27,14.11,2026-01-07,2026-01-07,2026-01-07 10:16:49.372682,-32.65822784810126,-0.0079,1,2,0,Stable
